area_name,measure_point_id,acid_Zuur,acid_Zwakzuur,acid_Water,ground_water_Vrijdiep,ground_water_Water,ground_water_Zeerondiep,ground_water_Ondiep,ground_water_Diep,stability_Stabiel,stability_Redelijkstabiel,stability_Instabiel,stability_Water,ground_type_Zandenleem,ground_type_Water,ground_type_Veenenzand,ground_type_Veen,ground_type_Kleienzand,ground_type_Leem,ground_type_Zand,pce_coating_percentage,total_pipe_lenght
Deurningen,8882574,0.0,402.69,0.0,354.03,0.0,0.0,48.66,0.0,402.69,0.0,0.0,0.0,0.0,0.0,0.0,0.0,0.0,0.0,402.69,1.0,402.69
Deurningen,7913649,74.28,2694.67,0.0,1633.03,0.0,0.0,964.18,171.74,2768.95,0.0,0.0,0.0,74.28,0.0,0.0,0.0,313.67,0.0,2381.0,1.0,2768.96
Deurningen,8888828,0.0,672.88,0.0,608.89,0.0,0.0,63.99,0.0,672.88,0.0,0.0,0.0,0.0,0.0,0.0,0.0,0.0,0.0,672.88,1.0,672.89
Deurningen,2168606,0.0,391.21,0.0,292.35,0.0,0.0,98.86,0.0,391.21,0.0,0.0,0.0,0.0,0.0,0.0,0.0,98.86,0.0,292.35,1.0,391.22
Deurningen,7916508,85.52,480.79,0.0,364.95,0.0,0.0,201.36,0.0,566.31,0.0,0.0,0.0,85.52,0.0,0.0,0.0,201.36,0.0,279.43,1.0,566.34
Deurningen,8082690,379.07,713.81,0.0,877.54,0.0,0.0,215.34,0.0,1092.88,0.0,0.0,0.0,379.07,0.0,0.0,0.0,215.34,0.0,498.47,1.0,1092.88
Deurningen,2163928,0.0,193.63,0.0,88.93,0.0,0.0,101.11,3.59,193.63,0.0,0.0,0.0,0.0,0.0,0.0,0.0,101.11,0.0,92.52,1.0,193.62
Deurningen,2166128,0.0,575.59,0.0,552.82,0.0,0.0,22.77,0.0,575.59,0.0,0.0,0.0,0.0,0.0,0.0,0.0,0.0,0.0,575.59,1.0,575.59
Deurningen,8084237,594.32,495.34,0.0,1089.66,0.0,0.0,0.0,0.0,1089.66,0.0,0.0,0.0,594.32,0.0,0.0,0.0,57.69,0.0,437.65,1.0,1089.65
Deurningen,2164322,0.0,488.28,0.0,0.0,0.0,0.0,273.75,214.53,488.28,0.0,0.0,0.0,0.0,0.0,0.0,0.0,273.75,0.0,214.53,1.0,488.28
Deurningen,2165576,0.0,129.88,0.0,104.43,0.0,0.0,25.45,0.0,129.88,0.0,0.0,0.0,0.0,0.0,0.0,0.0,0.14,0.0,129.74,1.0,129.89
Deurningen,2164074,0.0,354.94,0.0,354.94,0.0,0.0,0.0,0.0,354.94,0.0,0.0,0.0,0.0,0.0,0.0,0.0,0.0,0.0,354.94,1.0,354.95
Deurningen,2164006,2493.25,808.42,0.0,2581.14,0.0,0.0,638.13,82.4,3301.67,0.0,0.0,0.0,2493.25,0.0,0.0,0.0,0.0,0.0,808.42,1.0,3301.67
Deurningen,7657673,0.0,532.53,0.0,532.53,0.0,0.0,0.0,0.0,532.53,0.0,0.0,0.0,0.0,0.0,0.0,0.0,0.0,0.0,532.53,1.0,532.54
Deurningen,2164230,0.0,629.03,0.0,376.29,0.0,0.0,108.41,144.33,629.03,0.0,0.0,0.0,0.0,0.0,0.0,0.0,108.41,0.0,520.62,1.0,629.05
Deurningen,2164150,0.0,346.95,0.0,317.07,0.0,0.0,29.88,0.0,346.95,0.0,0.0,0.0,0.0,0.0,0.0,0.0,29.88,0.0,317.07,0.0515333179617,346.96
Deurningen,2166855,29.29,280.83,0.0,233.14,0.0,0.0,76.98,0.0,310.12,0.0,0.0,0.0,29.29,0.0,0.0,0.0,76.98,0.0,203.85,1.0,310.13
Deurningen,2164509,0.0,1030.94,0.0,1015.21,0.0,0.0,15.73,0.0,1030.94,0.0,0.0,0.0,0.0,0.0,0.0,0.0,15.73,0.0,1015.21,1.0,1030.94
Deurningen,2164495,0.0,327.88,0.0,327.88,0.0,0.0,0.0,0.0,327.88,0.0,0.0,0.0,0.0,0.0,0.0,0.0,0.0,0.0,327.88,1.0,327.88
Deurningen,2164962,0.0,594.46,0.0,574.9,0.0,0.0,19.56,0.0,594.46,0.0,0.0,0.0,0.0,0.0,0.0,0.0,19.56,0.0,574.9,1.0,594.48
Deurningen,2165043,0.0,562.4,0.0,562.4,0.0,0.0,0.0,0.0,562.4,0.0,0.0,0.0,0.0,0.0,0.0,0.0,0.0,0.0,562.4,1.0,562.4
Deurningen,2166372,0.0,1132.39,0.0,914.82,0.0,0.0,217.57,0.0,1132.39,0.0,0.0,0.0,0.0,0.0,0.0,0.0,217.57,0.0,914.82,1.0,1132.4
Deurningen,2167158,0.0,606.46,0.0,590.55,0.0,0.0,15.91,0.0,606.46,0.0,0.0,0.0,0.0,0.0,0.0,0.0,15.91,0.0,590.55,1.0,606.46
Deurningen,2165709,0.0,507.15,0.0,394.25,0.0,0.0,0.0,112.9,507.15,0.0,0.0,0.0,0.0,0.0,0.0,0.0,0.0,0.0,507.15,1.0,507.15
Deurningen,8189408,1465.92,664.89,0.0,1852.64,0.0,0.0,278.17,0.0,2130.81,0.0,0.0,0.0,1465.92,0.0,0.0,0.0,0.0,0.0,664.89,0.553073962831,2130.8
Denekamp 2,2164981,0.0,3.02,0.0,0.0,0.0,0.0,3.02,0.0,3.02,0.0,0.0,0.0,0.0,0.0,0.0,0.0,0.0,0.0,3.02,0.0,3.02
Denekamp 2,2165265,0.0,502.33,57.71,296.69,57.71,0.0,32.91,172.73,502.33,0.0,0.0,57.71,0.0,57.71,0.0,0.0,0.0,0.0,502.33,0.00312472100705,560.05
Denekamp 2,5088745,0.0,106.38,0.0,106.38,0.0,0.0,0.0,0.0,106.38,0.0,0.0,0.0,0.0,0.0,0.0,0.0,0.0,0.0,106.38,0.011937212144,106.39
Denekamp 2,9047635,0.0,4854.71,0.0,3596.87,0.0,0.0,812.89,444.95,4854.71,0.0,0.0,0.0,0.0,0.0,0.0,0.0,0.0,0.0,4854.71,0.343861875198,4854.74
Almelo Castello,2165456,0.0,195.95,0.0,53.58,0.0,0.0,0.0,142.37,195.95,0.0,0.0,0.0,0.0,0.0,0.0,0.0,0.0,0.0,195.95,1.0,195.94
Almelo Castello,2168378,0.0,1111.09,76.5,1065.99,76.5,0.0,45.1,0.0,1111.09,0.0,0.0,76.5,0.0,76.5,0.0,0.0,0.0,0.0,1111.09,0.0739474570562,1187.6
Almelo Castello,2168208,0.0,761.04,0.0,761.04,0.0,0.0,0.0,0.0,761.04,0.0,0.0,0.0,0.0,0.0,0.0,0.0,0.0,0.0,761.04,1.0,761.04
Almelo Castello,2168700,0.0,539.87,494.18,539.87,494.18,0.0,0.0,0.0,539.87,0.0,0.0,494.18,0.0,494.18,0.0,0.0,0.0,0.0,539.87,0.00258205519989,1034.06
Almelo Castello,2168379,0.0,0.0,22.91,0.0,22.91,0.0,0.0,0.0,0.0,0.0,0.0,22.91,0.0,22.91,0.0,0.0,0.0,0.0,0.0,0.475338280227,22.91
Almelo Castello,2168000,0.0,0.0,43.0,0.0,43.0,0.0,0.0,0.0,0.0,0.0,0.0,43.0,0.0,43.0,0.0,0.0,0.0,0.0,0.0,0.0,43.01
Almelo Castello,7828116,0.0,217.04,721.12,217.04,721.12,0.0,0.0,0.0,217.04,0.0,0.0,721.12,0.0,721.12,0.0,0.0,0.0,0.0,217.04,0.18730947153,938.18
Almelo Castello,2166318,0.0,374.88,0.0,374.88,0.0,0.0,0.0,0.0,374.88,0.0,0.0,0.0,0.0,0.0,0.0,0.0,0.0,0.0,374.88,1.0,374.88
Almelo Castello,2166057,0.0,398.8,0.0,398.8,0.0,0.0,0.0,0.0,398.8,0.0,0.0,0.0,0.0,0.0,0.0,0.0,0.0,0.0,398.8,1.0,398.8
Almelo Castello,2163861,0.0,251.28,3058.4,44.95,3058.4,0.0,206.33,0.0,251.28,0.0,0.0,3058.4,0.0,3058.4,0.0,0.0,0.0,0.0,251.28,0.107919472821,3309.69
Almelo Castello,2167817,0.0,397.99,0.0,397.99,0.0,0.0,0.0,0.0,397.99,0.0,0.0,0.0,0.0,0.0,0.0,0.0,0.0,0.0,397.99,1.0,397.99
Almelo Castello,2167951,0.0,280.11,0.0,0.0,0.0,0.0,280.11,0.0,280.11,0.0,0.0,0.0,0.0,0.0,0.0,0.0,0.0,0.0,280.11,0.0,280.11
Almelo Castello,2166287,0.0,670.67,0.0,562.86,0.0,0.0,74.07,33.74,670.67,0.0,0.0,0.0,0.0,0.0,0.0,0.0,0.0,0.0,670.67,0.116344605475,670.68
Almelo Castello,2167950,0.0,19.37,0.0,0.0,0.0,0.0,19.37,0.0,19.37,0.0,0.0,0.0,0.0,0.0,0.0,0.0,0.0,0.0,19.37,0.0,19.37
Almelo Castello,2166524,0.0,0.0,24.87,0.0,24.87,0.0,0.0,0.0,0.0,0.0,0.0,24.87,0.0,24.87,0.0,0.0,0.0,0.0,0.0,0.0,24.87
Almelo Castello,8378335,0.0,373.02,0.0,373.02,0.0,0.0,0.0,0.0,373.02,0.0,0.0,0.0,0.0,0.0,0.0,0.0,0.0,0.0,373.02,0.560973648232,373.03
Almelo Castello,8378342,0.0,39.24,0.0,39.24,0.0,0.0,0.0,0.0,39.24,0.0,0.0,0.0,0.0,0.0,0.0,0.0,0.0,0.0,39.24,1.0,39.25
Almelo Castello,8169287,0.0,196.83,85.51,196.83,85.51,0.0,0.0,0.0,196.83,0.0,0.0,85.51,0.0,85.51,0.0,0.0,0.0,0.0,196.83,0.996174960156,282.35
Almelo Tusveld,-2164337,0.0,495.46,0.0,495.46,0.0,0.0,0.0,0.0,495.46,0.0,0.0,0.0,0.0,0.0,0.0,0.0,0.0,0.0,495.46,0.978545190328,495.46
Almelo Tusveld,9054945,0.0,314.59,0.0,119.63,0.0,0.0,194.96,0.0,314.59,0.0,0.0,0.0,0.0,0.0,0.0,0.0,194.96,0.0,119.63,1.0,314.59
Almelo Tusveld,8265558,0.0,399.63,0.0,399.63,0.0,0.0,0.0,0.0,399.63,0.0,0.0,0.0,0.0,0.0,0.0,0.0,0.0,0.0,399.63,0.996271737771,399.65
Almelo Tusveld,2165740,0.0,1802.55,0.0,801.43,0.0,0.0,477.69,523.43,1802.55,0.0,0.0,0.0,0.0,0.0,0.0,0.0,0.0,0.0,1802.55,1.0,1802.53
Almelo Tusveld,2165741,0.0,153.41,0.0,153.41,0.0,0.0,0.0,0.0,153.41,0.0,0.0,0.0,0.0,0.0,0.0,0.0,0.0,0.0,153.41,0.996871129653,153.41
Almelo Tusveld,2166178,504.38,0.0,0.0,504.38,0.0,0.0,0.0,0.0,504.38,0.0,0.0,0.0,504.38,0.0,0.0,0.0,0.0,0.0,0.0,1.0,504.38
Almelo Tusveld,2166179,70.56,0.0,0.0,70.56,0.0,0.0,0.0,0.0,70.56,0.0,0.0,0.0,70.56,0.0,0.0,0.0,0.0,0.0,0.0,1.0,70.56
Almelo Tusveld,2168663,0.0,231.11,0.0,0.0,0.0,0.0,73.99,157.12,231.11,0.0,0.0,0.0,0.0,0.0,0.0,0.0,0.0,0.0,231.11,1.0,231.11
Almelo Tusveld,8786960,0.0,34.12,0.0,34.12,0.0,0.0,0.0,0.0,34.12,0.0,0.0,0.0,0.0,0.0,0.0,0.0,0.0,0.0,34.12,1.0,34.12
Almelo Tusveld,2169383,0.0,166.49,0.0,0.0,0.0,0.0,166.49,0.0,166.49,0.0,0.0,0.0,0.0,0.0,0.0,0.0,0.0,0.0,166.49,1.0,166.49
Almelo Tusveld,2168196,0.0,546.18,0.0,120.18,0.0,0.0,426.0,0.0,546.18,0.0,0.0,0.0,0.0,0.0,0.0,0.0,0.0,0.0,546.18,0.948552701441,546.19
Almelo Tusveld,2164560,0.0,242.59,0.0,36.67,0.0,0.0,96.12,109.8,242.59,0.0,0.0,0.0,0.0,0.0,0.0,0.0,0.0,0.0,242.59,1.0,242.59
Almelo Tusveld,2168072,1006.8,1162.25,0.0,1453.86,0.0,0.0,570.09,145.1,2169.05,0.0,0.0,0.0,1006.8,0.0,0.0,0.0,0.0,0.0,1162.25,1.0,2169.07
Almelo Tusveld,2165745,0.0,506.06,0.0,506.06,0.0,0.0,0.0,0.0,506.06,0.0,0.0,0.0,0.0,0.0,0.0,0.0,0.0,0.0,506.06,0.0,506.06
Almelo Tusveld,2165904,0.0,542.98,0.0,172.1,0.0,0.0,25.84,345.04,542.98,0.0,0.0,0.0,0.0,0.0,0.0,0.0,0.0,0.0,542.98,1.0,542.98
Almelo Tusveld,2165911,0.0,189.69,0.0,189.69,0.0,0.0,0.0,0.0,189.69,0.0,0.0,0.0,0.0,0.0,0.0,0.0,0.0,0.0,189.69,0.051344227728,189.7
Almelo Tusveld,8786967,0.0,2435.92,0.0,118.19,0.0,0.0,772.28,1545.45,2435.92,0.0,0.0,0.0,0.0,0.0,0.0,0.0,0.0,0.0,2435.92,0.213444446725,2435.95
Almelo Tusveld,2168604,309.56,1271.56,0.0,1259.35,0.0,0.0,316.63,5.14,1581.12,0.0,0.0,0.0,309.56,0.0,0.0,0.0,0.0,0.0,1271.56,1.0,1581.13
Almelo Tusveld,2169305,0.0,488.27,0.0,276.69,0.0,0.0,0.0,211.58,488.27,0.0,0.0,0.0,0.0,0.0,0.0,0.0,0.0,0.0,488.27,0.165540263783,488.28
Almelo Tusveld,2167434,0.0,440.79,0.0,149.92,0.0,0.0,0.0,290.87,440.79,0.0,0.0,0.0,0.0,0.0,0.0,0.0,0.0,0.0,440.79,0.0170152910749,440.78
Almelo Tusveld,2168515,0.0,265.41,0.0,0.0,0.0,0.0,265.41,0.0,265.41,0.0,0.0,0.0,0.0,0.0,0.0,0.0,265.41,0.0,0.0,0.827367945144,265.42
Almelo Tusveld,2168998,0.0,298.75,0.0,298.75,0.0,0.0,0.0,0.0,298.75,0.0,0.0,0.0,0.0,0.0,0.0,0.0,0.0,0.0,298.75,1.0,298.75
Almelo Tusveld,2169091,0.0,636.63,0.0,0.0,0.0,0.0,636.63,0.0,636.63,0.0,0.0,0.0,0.0,0.0,0.0,0.0,303.29,0.0,333.34,0.411032922845,636.64
Almelo Tusveld,2168527,0.0,916.21,0.0,284.94,0.0,0.0,201.5,429.77,916.21,0.0,0.0,0.0,0.0,0.0,0.0,0.0,201.5,0.0,714.71,1.0,916.2
Almelo Tusveld,2169474,0.0,37.71,0.0,0.0,0.0,9.31,28.4,0.0,37.71,0.0,0.0,0.0,0.0,0.0,0.0,0.0,0.0,0.0,37.71,1.0,37.71
Almelo Tusveld,2168888,0.0,767.5,0.0,557.12,0.0,0.0,14.17,196.21,767.5,0.0,0.0,0.0,0.0,0.0,0.0,0.0,0.0,0.0,767.5,1.0,767.52
Almelo Tusveld,2168529,0.0,25.16,0.0,25.16,0.0,0.0,0.0,0.0,25.16,0.0,0.0,0.0,0.0,0.0,0.0,0.0,0.0,0.0,25.16,1.0,25.16
Almelo Tusveld,2169257,0.0,681.77,0.0,485.07,0.0,0.0,59.71,136.99,681.77,0.0,0.0,0.0,0.0,0.0,0.0,0.0,0.0,0.0,681.77,1.0,681.79
Almelo Tusveld,2169224,0.0,173.29,0.0,27.93,0.0,0.0,145.36,0.0,173.29,0.0,0.0,0.0,0.0,0.0,0.0,0.0,0.0,0.0,173.29,1.0,173.29
Almelo Tusveld,2168674,9.11,2058.0,0.0,1403.63,0.0,0.0,249.03,414.45,2067.11,0.0,0.0,0.0,9.11,0.0,0.0,0.0,0.0,0.0,2058.0,0.0,2067.14
Almelo Tusveld,2168181,32.07,1021.29,0.0,723.79,0.0,0.0,329.57,0.0,1053.36,0.0,0.0,0.0,32.07,0.0,0.0,0.0,0.0,0.0,1021.29,1.0,1053.36
Almelo Tusveld,2169281,0.0,665.85,0.0,482.13,0.0,0.0,183.72,0.0,665.85,0.0,0.0,0.0,0.0,0.0,0.0,0.0,183.72,0.0,482.13,1.0,665.86
Almelo Tusveld,2168943,59.76,90.71,0.0,150.47,0.0,0.0,0.0,0.0,150.47,0.0,0.0,0.0,59.76,0.0,0.0,0.0,0.0,0.0,90.71,1.0,150.48
Almelo Tusveld,2168944,375.27,340.8,0.0,607.53,0.0,0.0,0.0,108.54,716.07,0.0,0.0,0.0,375.27,0.0,0.0,0.0,0.0,0.0,340.8,1.0,716.07
Almelo Tusveld,2168267,0.0,221.53,0.0,221.53,0.0,0.0,0.0,0.0,221.53,0.0,0.0,0.0,0.0,0.0,0.0,0.0,0.0,0.0,221.53,1.0,221.53
Almelo Tusveld,2166907,0.0,371.43,0.0,256.81,0.0,0.0,114.62,0.0,371.43,0.0,0.0,0.0,0.0,0.0,0.0,0.0,114.62,0.0,256.81,0.797307847624,371.45
Almelo Tusveld,2165152,0.0,1292.11,0.0,85.73,0.0,398.02,808.36,0.0,1292.11,0.0,0.0,0.0,0.0,0.0,0.0,0.0,0.0,0.0,1292.11,1.0,1292.13
Almelo Tusveld,2167631,0.0,5.4,0.0,5.4,0.0,0.0,0.0,0.0,5.4,0.0,0.0,0.0,0.0,0.0,0.0,0.0,0.0,0.0,5.4,1.0,5.41
Almelo Tusveld,2168757,0.0,3.59,0.0,0.0,0.0,0.0,2.67,0.92,3.59,0.0,0.0,0.0,0.0,0.0,0.0,0.0,0.0,0.0,3.59,1.0,3.59
Almelo Tusveld,2168994,0.0,318.91,0.0,318.91,0.0,0.0,0.0,0.0,318.91,0.0,0.0,0.0,0.0,0.0,0.0,0.0,0.0,0.0,318.91,0.370167131793,318.91
Almelo Tusveld,2162777,0.0,663.9,0.0,63.37,0.0,0.0,518.62,81.91,663.9,0.0,0.0,0.0,0.0,0.0,0.0,0.0,0.0,0.0,663.9,0.0,663.91
Almelo Tusveld,2162682,0.0,353.5,0.0,177.27,0.0,0.0,44.58,131.65,353.5,0.0,0.0,0.0,0.0,0.0,0.0,0.0,0.0,0.0,353.5,1.0,353.49
Almelo Tusveld,2166126,0.0,318.14,0.0,293.86,0.0,0.0,24.28,0.0,318.14,0.0,0.0,0.0,0.0,0.0,0.0,0.0,0.0,0.0,318.14,0.0570503551895,318.14
Almelo Tusveld,2168271,0.0,511.63,0.0,108.95,0.0,0.0,402.68,0.0,511.63,0.0,0.0,0.0,0.0,0.0,0.0,0.0,0.0,0.0,511.63,0.000390907491742,511.63
Almelo Tusveld,2165244,0.0,1588.81,0.0,1022.35,0.0,0.0,0.0,566.46,1588.81,0.0,0.0,0.0,0.0,0.0,0.0,0.0,0.0,0.0,1588.81,0.0,1588.84
Almelo Tusveld,2165292,0.0,331.95,0.0,331.95,0.0,0.0,0.0,0.0,331.95,0.0,0.0,0.0,0.0,0.0,0.0,0.0,0.0,0.0,331.95,1.0,331.95
Almelo Tusveld,2166323,0.0,1141.77,0.0,781.56,0.0,0.0,217.16,143.05,1141.77,0.0,0.0,0.0,0.0,0.0,0.0,0.0,0.0,0.0,1141.77,1.0,1141.79
Almelo Tusveld,2165948,0.0,56.92,0.0,56.92,0.0,0.0,0.0,0.0,56.92,0.0,0.0,0.0,0.0,0.0,0.0,0.0,0.0,0.0,56.92,1.0,56.93
Almelo Tusveld,2165956,0.0,7.09,0.0,0.0,0.0,0.0,0.0,7.09,7.09,0.0,0.0,0.0,0.0,0.0,0.0,0.0,0.0,0.0,7.09,1.0,7.09
Almelo Tusveld,2164338,357.55,88.83,0.0,446.38,0.0,0.0,0.0,0.0,446.38,0.0,0.0,0.0,357.55,0.0,0.0,0.0,0.0,0.0,88.83,0.0594560688203,446.38
Almelo Tusveld,2165974,0.0,55.02,0.0,55.02,0.0,0.0,0.0,0.0,55.02,0.0,0.0,0.0,0.0,0.0,0.0,0.0,0.0,0.0,55.02,0.00944939124114,55.03
Almelo Tusveld,2166394,0.0,486.05,0.0,0.0,0.0,0.0,486.05,0.0,486.05,0.0,0.0,0.0,0.0,0.0,0.0,0.0,486.05,0.0,0.0,0.498179199671,486.05
Almelo Tusveld,2164596,0.0,1.23,0.0,0.0,0.0,0.0,0.0,1.23,1.23,0.0,0.0,0.0,0.0,0.0,0.0,0.0,0.0,0.0,1.23,1.0,1.23
Almelo Tusveld,2167129,0.0,327.95,0.0,161.62,0.0,0.0,162.06,4.27,327.95,0.0,0.0,0.0,0.0,0.0,0.0,0.0,0.0,0.0,327.95,1.0,327.96
Almelo Tusveld,2163120,0.0,679.41,0.0,167.83,0.0,0.0,377.92,133.66,679.41,0.0,0.0,0.0,0.0,0.0,0.0,0.0,377.92,0.0,301.49,1.0,679.41
Almelo Tusveld,2164832,0.0,1312.09,0.0,139.29,0.0,0.0,3.64,1169.16,1312.09,0.0,0.0,0.0,0.0,0.0,0.0,0.0,0.0,0.0,1312.09,1.0,1312.1
Almelo Tusveld,2165213,0.0,503.45,0.0,112.59,0.0,0.0,384.99,5.87,503.45,0.0,0.0,0.0,0.0,0.0,0.0,0.0,0.0,0.0,503.45,1.0,503.44
Almelo Tusveld,2165677,0.0,175.25,0.0,175.25,0.0,0.0,0.0,0.0,175.25,0.0,0.0,0.0,0.0,0.0,0.0,0.0,0.0,0.0,175.25,1.0,175.25
Almelo Tusveld,2165932,0.0,673.5,0.0,203.86,0.0,0.0,0.0,469.64,673.5,0.0,0.0,0.0,0.0,0.0,0.0,0.0,0.0,0.0,673.5,1.0,673.5
Almelo Tusveld,2165611,0.0,155.44,0.0,155.44,0.0,0.0,0.0,0.0,155.44,0.0,0.0,0.0,0.0,0.0,0.0,0.0,0.0,0.0,155.44,1.0,155.45
Almelo Tusveld,2165833,542.69,587.44,0.0,1130.13,0.0,0.0,0.0,0.0,1130.13,0.0,0.0,0.0,542.69,0.0,0.0,0.0,0.0,0.0,587.44,0.000415881358782,1130.13
Almelo Tusveld,2167026,0.0,61.9,0.0,61.9,0.0,0.0,0.0,0.0,61.9,0.0,0.0,0.0,0.0,0.0,0.0,0.0,0.0,0.0,61.9,1.0,61.9
Almelo Tusveld,2167027,0.0,523.59,0.0,523.59,0.0,0.0,0.0,0.0,523.59,0.0,0.0,0.0,0.0,0.0,0.0,0.0,0.0,0.0,523.59,0.0905844155844,523.6
Almelo Tusveld,2168321,0.0,67.61,0.0,10.67,0.0,0.0,0.0,56.94,67.61,0.0,0.0,0.0,0.0,0.0,0.0,0.0,0.0,0.0,67.61,0.106049400976,67.61
Almelo Tusveld,2168098,0.0,510.48,0.0,256.15,0.0,0.0,254.33,0.0,510.48,0.0,0.0,0.0,0.0,0.0,0.0,0.0,254.33,0.0,256.15,1.0,510.49
Almelo Tusveld,2168551,0.0,464.62,0.0,283.7,0.0,0.0,0.0,180.92,464.62,0.0,0.0,0.0,0.0,0.0,0.0,0.0,0.0,0.0,464.62,0.0435400210921,464.63
Almelo Tusveld,2167562,0.0,460.25,0.0,242.69,0.0,0.0,0.0,217.56,460.25,0.0,0.0,0.0,0.0,0.0,0.0,0.0,0.0,0.0,460.25,1.0,460.25
Almelo Tusveld,2167809,0.0,5.63,0.0,0.0,0.0,0.0,5.63,0.0,5.63,0.0,0.0,0.0,0.0,0.0,0.0,0.0,0.0,0.0,5.63,1.0,5.63
Almelo Tusveld,2167036,0.0,20.87,0.0,20.87,0.0,0.0,0.0,0.0,20.87,0.0,0.0,0.0,0.0,0.0,0.0,0.0,0.0,0.0,20.87,0.0,20.87
Almelo Tusveld,2167850,0.0,55.26,0.0,0.0,0.0,0.0,55.26,0.0,55.26,0.0,0.0,0.0,0.0,0.0,0.0,0.0,55.26,0.0,0.0,1.0,55.26
Almelo Tusveld,2167870,0.0,35.82,0.0,35.82,0.0,0.0,0.0,0.0,35.82,0.0,0.0,0.0,0.0,0.0,0.0,0.0,0.0,0.0,35.82,1.0,35.82
Almelo Tusveld,7658081,0.0,821.64,0.0,352.5,0.0,0.0,106.99,362.15,821.64,0.0,0.0,0.0,0.0,0.0,0.0,0.0,0.0,0.0,821.64,1.0,821.63
Almelo Tusveld,2168945,0.0,539.94,0.0,539.94,0.0,0.0,0.0,0.0,539.94,0.0,0.0,0.0,0.0,0.0,0.0,0.0,0.0,0.0,539.94,1.0,539.94
Almelo Tusveld,2167656,0.0,742.61,0.0,243.11,0.0,0.0,320.95,178.55,742.61,0.0,0.0,0.0,0.0,0.0,0.0,0.0,0.0,0.0,742.61,1.0,742.62
Almelo Tusveld,2165711,250.6,0.0,0.0,250.6,0.0,0.0,0.0,0.0,250.6,0.0,0.0,0.0,250.6,0.0,0.0,0.0,0.0,0.0,0.0,1.0,250.6
Almelo Tusveld,2166357,0.0,217.98,0.0,0.0,0.0,0.0,217.98,0.0,217.98,0.0,0.0,0.0,0.0,0.0,0.0,0.0,217.98,0.0,0.0,0.142883353975,218.01
Almelo Tusveld,2165808,0.0,355.59,0.0,85.09,0.0,0.0,122.03,148.47,355.59,0.0,0.0,0.0,0.0,0.0,0.0,0.0,0.0,0.0,355.59,1.0,355.58
Almelo Tusveld,2165809,0.0,215.25,0.0,48.58,0.0,0.0,51.26,115.41,215.25,0.0,0.0,0.0,0.0,0.0,0.0,0.0,0.0,0.0,215.25,1.0,215.26
Almelo Tusveld,2165695,0.0,23.47,0.0,22.86,0.0,0.0,0.61,0.0,23.47,0.0,0.0,0.0,0.0,0.0,0.0,0.0,0.0,0.0,23.47,1.0,23.46
Almelo Tusveld,2165704,0.0,1242.51,0.0,601.61,0.0,0.0,0.0,640.9,1242.51,0.0,0.0,0.0,0.0,0.0,0.0,0.0,0.0,0.0,1242.51,0.0,1242.51
Almelo Tusveld,9054948,0.0,6.08,0.0,6.08,0.0,0.0,0.0,0.0,6.08,0.0,0.0,0.0,0.0,0.0,0.0,0.0,0.0,0.0,6.08,1.0,6.11
Almelo Tusveld,8023069,0.0,137.34,0.0,137.34,0.0,0.0,0.0,0.0,137.34,0.0,0.0,0.0,0.0,0.0,0.0,0.0,0.0,0.0,137.34,1.0,137.34
Almelo Tusveld,2167893,0.0,172.82,0.0,172.82,0.0,0.0,0.0,0.0,172.82,0.0,0.0,0.0,0.0,0.0,0.0,0.0,0.0,0.0,172.82,1.0,172.82
Almelo Tusveld,2166077,0.0,39.18,0.0,0.0,0.0,0.0,0.0,39.18,39.18,0.0,0.0,0.0,0.0,0.0,0.0,0.0,0.0,0.0,39.18,1.0,39.19
Almelo Tusveld,8857713,0.0,592.15,0.0,0.0,0.0,0.0,592.15,0.0,592.15,0.0,0.0,0.0,0.0,0.0,0.0,0.0,592.15,0.0,0.0,0.0125812716373,592.15
Almelo Tusveld,2166248,0.0,948.51,0.0,0.0,0.0,0.0,467.34,481.17,948.51,0.0,0.0,0.0,0.0,0.0,0.0,0.0,0.0,0.0,948.51,1.0,948.52
Almelo Tusveld,8169398,0.0,517.09,0.0,0.0,0.0,0.0,517.09,0.0,517.09,0.0,0.0,0.0,0.0,0.0,0.0,0.0,469.75,0.0,47.34,0.031367240379,517.1
Almelo Tusveld,8169434,0.0,608.22,0.0,6.96,0.0,0.0,601.26,0.0,608.22,0.0,0.0,0.0,0.0,0.0,0.0,0.0,383.86,0.0,224.36,0.000822070961165,608.22
Almelo Tusveld,8856946,229.29,2064.8,0.0,1221.75,0.0,0.0,238.41,833.93,2294.09,0.0,0.0,0.0,229.29,0.0,0.0,0.0,238.41,0.0,1826.39,1.0,2294.1
Almelo Tusveld,8195095,65.0,887.42,0.0,0.0,0.0,0.0,952.42,0.0,952.42,0.0,0.0,0.0,65.0,0.0,0.0,0.0,190.19,0.0,697.23,1.0,952.42
Almelo Tusveld,2165561,0.0,743.82,0.0,0.0,0.0,0.0,343.88,399.94,743.82,0.0,0.0,0.0,0.0,0.0,0.0,0.0,0.0,0.0,743.82,1.0,743.82
Almelo Tusveld,9054952,0.0,1169.79,0.0,937.21,0.0,0.0,232.58,0.0,1169.79,0.0,0.0,0.0,0.0,0.0,0.0,0.0,232.58,0.0,937.21,1.0,1169.8
Almelo Windmolenbroek,8160019,0.0,1006.7,0.0,1006.7,0.0,0.0,0.0,0.0,1006.7,0.0,0.0,0.0,0.0,0.0,0.0,0.0,0.0,0.0,1006.7,1.0,1006.71
Almelo Windmolenbroek,2167669,0.0,442.47,0.0,386.17,0.0,0.0,56.3,0.0,442.47,0.0,0.0,0.0,0.0,0.0,0.0,0.0,0.0,0.0,442.47,1.0,442.47
Almelo Windmolenbroek,2168372,0.0,80.98,0.0,80.98,0.0,0.0,0.0,0.0,80.98,0.0,0.0,0.0,0.0,0.0,0.0,0.0,0.0,0.0,80.98,1.0,80.98
Almelo Windmolenbroek,2167689,0.0,30.29,0.0,30.29,0.0,0.0,0.0,0.0,30.29,0.0,0.0,0.0,0.0,0.0,0.0,0.0,0.0,0.0,30.29,1.0,30.29
Almelo Windmolenbroek,2167745,0.0,837.76,0.0,788.78,0.0,0.0,48.98,0.0,837.76,0.0,0.0,0.0,0.0,0.0,0.0,0.0,0.0,0.0,837.76,1.0,837.77
Almelo Windmolenbroek,2167747,0.0,3.99,0.0,3.99,0.0,0.0,0.0,0.0,3.99,0.0,0.0,0.0,0.0,0.0,0.0,0.0,0.0,0.0,3.99,1.0,3.99
Almelo Windmolenbroek,2167441,0.0,13.83,0.0,13.83,0.0,0.0,0.0,0.0,13.83,0.0,0.0,0.0,0.0,0.0,0.0,0.0,0.0,0.0,13.83,1.0,13.83
Almelo Windmolenbroek,2165274,0.0,510.31,0.0,285.97,0.0,0.0,140.69,83.65,510.31,0.0,0.0,0.0,0.0,0.0,0.0,0.0,0.0,0.0,510.31,1.0,510.32
Almelo Windmolenbroek,2167128,0.0,77.56,0.0,77.56,0.0,0.0,0.0,0.0,77.56,0.0,0.0,0.0,0.0,0.0,0.0,0.0,0.0,0.0,77.56,1.0,77.56
Almelo Windmolenbroek,2168963,0.0,1046.9,0.0,1046.9,0.0,0.0,0.0,0.0,1046.9,0.0,0.0,0.0,0.0,0.0,0.0,0.0,0.0,0.0,1046.9,1.0,1046.91
Almelo Windmolenbroek,2167346,0.0,13.18,0.0,13.18,0.0,0.0,0.0,0.0,13.18,0.0,0.0,0.0,0.0,0.0,0.0,0.0,0.0,0.0,13.18,1.0,13.18
Almelo Windmolenbroek,2167125,0.0,705.39,0.0,705.39,0.0,0.0,0.0,0.0,705.39,0.0,0.0,0.0,0.0,0.0,0.0,0.0,0.0,0.0,705.39,1.0,705.39
Almelo Windmolenbroek,2165276,0.0,14.68,0.0,0.0,0.0,0.0,0.0,14.68,14.68,0.0,0.0,0.0,0.0,0.0,0.0,0.0,0.0,0.0,14.68,1.0,14.69
Almelo Windmolenbroek,2165277,0.0,951.34,0.0,212.66,0.0,0.0,501.93,236.75,951.34,0.0,0.0,0.0,0.0,0.0,0.0,0.0,0.0,0.0,951.34,1.0,951.35
Almelo Windmolenbroek,2166208,0.0,744.35,0.0,744.35,0.0,0.0,0.0,0.0,744.35,0.0,0.0,0.0,0.0,0.0,0.0,0.0,0.0,0.0,744.35,1.0,744.35
Wierden,8262473,0.0,430.47,0.0,0.0,0.0,0.0,145.61,284.86,430.47,0.0,0.0,0.0,0.0,0.0,0.0,0.0,0.0,0.0,430.47,1.0,430.48
Wierden,5026892,0.0,962.23,0.0,962.23,0.0,0.0,0.0,0.0,962.23,0.0,0.0,0.0,0.0,0.0,0.0,0.0,0.0,0.0,962.23,0.78379389543,962.23
Wierden,8153943,0.0,69.48,292.23,69.48,292.23,0.0,0.0,0.0,69.48,0.0,0.0,292.23,0.0,292.23,0.0,0.0,0.0,0.0,69.48,0.0,361.71
Wierden,2168651,0.0,76.67,0.0,76.67,0.0,0.0,0.0,0.0,76.67,0.0,0.0,0.0,0.0,0.0,0.0,0.0,0.0,0.0,76.67,0.0,76.67
Wierden,8153945,0.0,437.04,457.21,437.04,457.21,0.0,0.0,0.0,437.04,0.0,0.0,457.21,0.0,457.21,0.0,0.0,0.0,0.0,437.04,0.121006429969,894.25
Wierden,7729393,0.0,511.23,0.0,294.59,0.0,0.0,216.64,0.0,511.23,0.0,0.0,0.0,0.0,0.0,0.0,0.0,0.0,0.0,511.23,1.0,511.24
Wierden,2168671,0.0,204.38,0.0,0.0,0.0,0.0,0.0,204.38,204.38,0.0,0.0,0.0,0.0,0.0,0.0,0.0,0.0,0.0,204.38,0.7310402192,204.38
Wierden,7804322,0.0,246.42,0.0,246.42,0.0,0.0,0.0,0.0,246.42,0.0,0.0,0.0,0.0,0.0,0.0,0.0,0.0,0.0,246.42,0.994886778671,246.42
Wierden,8082008,0.0,610.26,0.0,243.8,0.0,0.0,335.08,31.38,610.26,0.0,0.0,0.0,0.0,0.0,0.0,0.0,0.0,0.0,610.26,1.0,610.26
Wierden,2168469,0.0,2191.18,0.0,2052.95,0.0,0.0,0.0,138.23,2191.18,0.0,0.0,0.0,0.0,0.0,0.0,0.0,0.0,0.0,2191.18,1.0,2191.18
Wierden,2169062,0.0,441.15,0.0,254.83,0.0,0.0,186.32,0.0,441.15,0.0,0.0,0.0,0.0,0.0,0.0,0.0,0.0,0.0,441.15,1.0,441.16
Wierden,2168693,0.0,30.93,0.0,30.93,0.0,0.0,0.0,0.0,30.93,0.0,0.0,0.0,0.0,0.0,0.0,0.0,0.0,0.0,30.93,1.0,30.93
Wierden,2168148,0.0,35.72,0.0,0.0,0.0,0.0,0.0,35.72,35.72,0.0,0.0,0.0,0.0,0.0,0.0,0.0,0.0,0.0,35.72,0.542401343409,35.73
Wierden,2169330,0.0,68.58,0.0,0.0,0.0,0.0,0.0,68.58,68.58,0.0,0.0,0.0,0.0,0.0,0.0,0.0,0.0,0.0,68.58,0.414406532517,68.58
Wierden,2169333,0.0,379.51,0.0,0.0,0.0,0.0,0.0,379.51,379.51,0.0,0.0,0.0,0.0,0.0,0.0,0.0,0.0,0.0,379.51,0.702458433243,379.51
Wierden,2168930,0.0,37.2,0.0,37.2,0.0,0.0,0.0,0.0,37.2,0.0,0.0,0.0,0.0,0.0,0.0,0.0,0.0,0.0,37.2,0.0,37.2
Wierden,8082014,0.0,307.01,0.0,307.01,0.0,0.0,0.0,0.0,307.01,0.0,0.0,0.0,0.0,0.0,0.0,0.0,0.0,0.0,307.01,1.0,307.01
Wierden,2168791,0.0,424.2,0.0,424.2,0.0,0.0,0.0,0.0,424.2,0.0,0.0,0.0,0.0,0.0,0.0,0.0,0.0,0.0,424.2,1.0,424.2
Wierden,2168820,0.0,49.54,34.11,49.54,34.11,0.0,0.0,0.0,49.54,0.0,0.0,34.11,0.0,34.11,0.0,0.0,0.0,0.0,49.54,0.0,83.67
Wierden,2166879,0.0,319.74,0.0,0.0,0.0,0.0,0.0,319.74,319.74,0.0,0.0,0.0,0.0,0.0,0.0,0.0,0.0,0.0,319.74,0.0,319.74
Wierden,2168259,0.0,196.68,0.0,0.0,0.0,0.0,0.0,196.68,196.68,0.0,0.0,0.0,0.0,0.0,0.0,0.0,0.0,0.0,196.68,1.0,196.68
Wierden,2163766,0.0,19.66,0.0,11.54,0.0,0.0,8.12,0.0,19.66,0.0,0.0,0.0,0.0,0.0,0.0,0.0,0.0,0.0,19.66,1.0,19.66
Wierden,2165771,0.0,522.98,0.0,0.0,0.0,0.0,0.0,522.98,522.98,0.0,0.0,0.0,0.0,0.0,0.0,0.0,0.0,0.0,522.98,0.315862939309,522.98
Wierden,2163845,0.0,5.34,0.0,0.0,0.0,0.0,0.0,5.34,5.34,0.0,0.0,0.0,0.0,0.0,0.0,0.0,0.0,0.0,5.34,1.0,5.34
Wierden,8673392,0.0,17.14,0.0,17.14,0.0,0.0,0.0,0.0,17.14,0.0,0.0,0.0,0.0,0.0,0.0,0.0,0.0,0.0,17.14,1.0,17.14
Wierden,2166697,0.0,237.46,0.0,237.46,0.0,0.0,0.0,0.0,237.46,0.0,0.0,0.0,0.0,0.0,0.0,0.0,0.0,0.0,237.46,0.00501137033606,237.46
Wierden,2166399,0.0,130.38,0.0,0.0,0.0,0.0,0.0,130.38,130.38,0.0,0.0,0.0,0.0,0.0,0.0,0.0,0.0,0.0,130.38,0.0,130.38
Wierden,5036593,0.0,193.08,0.0,0.0,0.0,0.0,0.0,193.08,193.08,0.0,0.0,0.0,0.0,0.0,0.0,0.0,0.0,0.0,193.08,1.0,193.08
Wierden,2164089,0.0,71.65,0.0,0.0,0.0,0.0,0.0,71.65,71.65,0.0,0.0,0.0,0.0,0.0,0.0,0.0,0.0,0.0,71.65,0.0,71.65
Wierden,2168568,690.6,1197.18,0.0,1036.98,0.0,0.0,0.0,850.8,1887.78,0.0,0.0,0.0,690.6,0.0,0.0,0.0,0.0,0.0,1197.18,0.193792741777,1887.79
Wierden,2165824,0.0,32.04,0.0,0.0,0.0,0.0,0.0,32.04,32.04,0.0,0.0,0.0,0.0,0.0,0.0,0.0,0.0,0.0,32.04,0.0421348314607,32.04
Wierden,2167566,0.0,213.71,34.16,213.71,34.16,0.0,0.0,0.0,213.71,0.0,0.0,34.16,0.0,34.16,0.0,0.0,0.0,0.0,213.71,0.00952111994191,247.87
Wierden,5037113,0.0,1665.79,0.0,0.0,0.0,0.0,0.0,1665.79,1665.79,0.0,0.0,0.0,0.0,0.0,0.0,0.0,0.0,0.0,1665.79,0.0763061370281,1665.79
Wierden,5037111,0.0,574.17,0.0,0.0,0.0,0.0,0.0,574.17,574.17,0.0,0.0,0.0,0.0,0.0,0.0,0.0,0.0,0.0,574.17,0.376142954177,574.17
Wierden,5026903,0.0,52.55,0.0,52.55,0.0,0.0,0.0,0.0,52.55,0.0,0.0,0.0,0.0,0.0,0.0,0.0,0.0,0.0,52.55,1.0,52.56
Wierden,2168727,0.0,9.93,0.0,0.0,0.0,0.0,0.0,9.93,9.93,0.0,0.0,0.0,0.0,0.0,0.0,0.0,0.0,0.0,9.93,1.0,9.93
Wierden,5026928,0.0,850.6,0.0,543.86,0.0,0.0,0.0,306.74,850.6,0.0,0.0,0.0,0.0,0.0,0.0,0.0,0.0,0.0,850.6,1.0,850.6
Wierden,2166497,0.0,249.1,0.0,200.09,0.0,0.0,49.01,0.0,249.1,0.0,0.0,0.0,0.0,0.0,0.0,0.0,0.0,0.0,249.1,1.0,249.11
Wierden,5026932,0.0,282.06,0.0,252.66,0.0,0.0,0.0,29.4,282.06,0.0,0.0,0.0,0.0,0.0,0.0,0.0,0.0,0.0,282.06,1.0,282.06
Wierden,5022832,0.0,331.0,0.0,0.0,0.0,0.0,331.0,0.0,331.0,0.0,0.0,0.0,0.0,0.0,0.0,0.0,0.0,0.0,331.0,1.0,331.0
Wierden,5026981,0.0,1367.26,0.0,0.0,0.0,0.0,0.0,1367.26,1367.26,0.0,0.0,0.0,0.0,0.0,0.0,0.0,0.0,0.0,1367.26,1.0,1367.27
Wierden,5022878,0.0,357.88,0.0,357.88,0.0,0.0,0.0,0.0,357.88,0.0,0.0,0.0,0.0,0.0,0.0,0.0,0.0,0.0,357.88,1.0,357.88
Wierden,2167990,0.0,728.25,0.0,0.0,0.0,0.0,0.0,728.25,728.25,0.0,0.0,0.0,0.0,0.0,0.0,0.0,0.0,0.0,728.25,0.355345005149,728.25
Wierden,5084016,0.0,141.04,0.0,0.0,0.0,0.0,0.0,141.04,141.04,0.0,0.0,0.0,0.0,0.0,0.0,0.0,0.0,0.0,141.04,1.0,141.04
Wierden,2168343,0.0,295.7,0.0,0.0,0.0,0.0,0.0,295.7,295.7,0.0,0.0,0.0,0.0,0.0,0.0,0.0,0.0,0.0,295.7,1.0,295.7
Wierden,2168352,0.0,1057.83,0.0,836.61,0.0,0.0,0.0,221.22,1057.83,0.0,0.0,0.0,0.0,0.0,0.0,0.0,0.0,0.0,1057.83,0.0,1057.82
Wierden,2166468,0.0,132.36,0.0,132.36,0.0,0.0,0.0,0.0,132.36,0.0,0.0,0.0,0.0,0.0,0.0,0.0,0.0,0.0,132.36,0.0,132.36
Wierden,2166470,0.0,464.51,0.0,464.51,0.0,0.0,0.0,0.0,464.51,0.0,0.0,0.0,0.0,0.0,0.0,0.0,0.0,0.0,464.51,0.487180039181,464.51
Wierden,8084761,0.0,731.53,0.0,614.85,0.0,0.0,111.41,5.27,731.53,0.0,0.0,0.0,0.0,0.0,0.0,0.0,0.0,0.0,731.53,1.0,731.52
Wierden,8084765,0.0,13.4,0.0,13.4,0.0,0.0,0.0,0.0,13.4,0.0,0.0,0.0,0.0,0.0,0.0,0.0,0.0,0.0,13.4,1.0,13.4
Wierden,8082021,0.0,706.46,0.0,706.46,0.0,0.0,0.0,0.0,706.46,0.0,0.0,0.0,0.0,0.0,0.0,0.0,0.0,0.0,706.46,1.0,706.46
Wierden,2167249,0.0,33.3,0.0,33.3,0.0,0.0,0.0,0.0,33.3,0.0,0.0,0.0,0.0,0.0,0.0,0.0,0.0,0.0,33.3,0.159459459459,33.3
Wierden,9094485,89.63,187.37,0.0,89.63,0.0,0.0,0.0,187.37,277.0,0.0,0.0,0.0,89.63,0.0,0.0,0.0,0.0,0.0,187.37,0.853321299639,277.0
Vriezenveen,9054936,0.0,1.7,0.0,1.7,0.0,0.0,0.0,0.0,1.7,0.0,0.0,0.0,0.0,0.0,0.0,0.0,0.0,0.0,1.7,1.0,1.7
Vriezenveen,2168195,0.0,262.75,0.0,262.75,0.0,0.0,0.0,0.0,262.75,0.0,0.0,0.0,0.0,0.0,0.0,0.0,0.0,0.0,262.75,0.030255746689,262.76
Vriezenveen,2168052,0.0,269.5,0.0,30.89,0.0,0.0,238.61,0.0,269.5,0.0,0.0,0.0,0.0,0.0,0.0,0.0,0.0,0.0,269.5,1.0,269.5
Vriezenveen,2168874,0.0,65.15,0.0,65.15,0.0,0.0,0.0,0.0,65.15,0.0,0.0,0.0,0.0,0.0,0.0,0.0,0.0,0.0,65.15,0.674336554686,65.19
Vriezenveen,8184479,0.0,1391.21,0.0,1391.21,0.0,0.0,0.0,0.0,1391.21,0.0,0.0,0.0,0.0,0.0,0.0,0.0,0.0,0.0,1391.21,1.0,1391.21
Vriezenveen,2168095,0.0,182.12,0.0,83.06,0.0,0.0,99.06,0.0,182.12,0.0,0.0,0.0,0.0,0.0,0.0,0.0,0.0,0.0,182.12,1.0,182.13
Vriezenveen,2169389,0.0,271.41,0.0,271.41,0.0,0.0,0.0,0.0,271.41,0.0,0.0,0.0,0.0,0.0,0.0,0.0,0.0,0.0,271.41,1.0,271.41
Vriezenveen,2167317,0.0,2312.57,0.0,2312.57,0.0,0.0,0.0,0.0,2312.57,0.0,0.0,0.0,0.0,0.0,0.0,0.0,0.0,0.0,2312.57,0.00736836187997,2312.59
Vriezenveen,5003085,0.0,1056.68,0.0,1056.68,0.0,0.0,0.0,0.0,1056.68,0.0,0.0,0.0,0.0,0.0,0.0,0.0,0.0,0.0,1056.68,1.0,1056.68
Vriezenveen,5003112,176.23,126.99,0.0,126.99,0.0,0.0,176.23,0.0,126.99,176.23,0.0,0.0,0.0,0.0,176.23,0.0,0.0,0.0,126.99,1.0,303.22
Vriezenveen,2167626,0.0,173.31,0.0,173.31,0.0,0.0,0.0,0.0,173.31,0.0,0.0,0.0,0.0,0.0,0.0,0.0,0.0,0.0,173.31,0.17390802608,173.31
Vriezenveen,5042451,228.58,638.93,0.0,638.93,0.0,0.0,228.58,0.0,638.93,228.58,0.0,0.0,0.0,0.0,228.58,0.0,0.0,0.0,638.93,1.0,867.51
Vriezenveen,7658612,0.0,1080.26,0.0,1080.26,0.0,0.0,0.0,0.0,1080.26,0.0,0.0,0.0,0.0,0.0,0.0,0.0,0.0,0.0,1080.26,0.992603632459,1080.26
Vriezenveen,2167891,0.0,472.75,0.0,472.75,0.0,0.0,0.0,0.0,472.75,0.0,0.0,0.0,0.0,0.0,0.0,0.0,0.0,0.0,472.75,0.0881419747864,472.76
Vriezenveen,8184441,0.0,14.63,0.0,14.63,0.0,0.0,0.0,0.0,14.63,0.0,0.0,0.0,0.0,0.0,0.0,0.0,0.0,0.0,14.63,0.0300751879699,14.63
Vriezenveen,8184444,0.0,2814.06,0.0,2300.06,0.0,0.0,514.0,0.0,2814.06,0.0,0.0,0.0,0.0,0.0,0.0,0.0,0.0,0.0,2814.06,0.00434249569126,2814.05
Vriezenveen,8184410,0.0,713.39,0.0,713.39,0.0,0.0,0.0,0.0,713.39,0.0,0.0,0.0,0.0,0.0,0.0,0.0,0.0,0.0,713.39,1.0,713.39
Vriezenveen,8474379,760.03,1515.83,0.0,1066.97,0.0,0.0,910.47,298.42,1260.77,833.61,181.48,0.0,0.0,0.0,833.61,181.48,0.0,0.0,1260.77,0.00109849067381,2275.85
Vriezenveen,8184452,1156.47,1466.02,0.0,986.27,0.0,0.0,1636.22,0.0,1466.02,1156.47,0.0,0.0,0.0,0.0,1156.47,0.0,0.0,0.0,1466.02,0.0123164449325,2622.51
Almelo Ten Cate,8634493,0.0,184.03,0.0,184.03,0.0,0.0,0.0,0.0,184.03,0.0,0.0,0.0,0.0,0.0,0.0,0.0,0.0,0.0,184.03,0.621909471282,184.03
Almelo Ten Cate,2167659,0.0,422.69,0.0,422.69,0.0,0.0,0.0,0.0,422.69,0.0,0.0,0.0,0.0,0.0,0.0,0.0,0.0,0.0,422.69,0.00118289999763,422.69
Almelo Ten Cate,8154750,0.0,1576.58,0.0,1547.68,0.0,0.0,28.9,0.0,1576.58,0.0,0.0,0.0,0.0,0.0,0.0,0.0,0.0,0.0,1576.58,0.976227626188,1576.62
Almelo Ten Cate,2168365,0.0,479.22,0.0,479.22,0.0,0.0,0.0,0.0,479.22,0.0,0.0,0.0,0.0,0.0,0.0,0.0,0.0,0.0,479.22,0.00419431576312,479.22
Almelo Ten Cate,2166109,0.0,31.01,0.0,31.01,0.0,0.0,0.0,0.0,31.01,0.0,0.0,0.0,0.0,0.0,0.0,0.0,0.0,0.0,31.01,0.0,31.01
Almelo Ten Cate,2169231,0.0,106.16,0.0,106.16,0.0,0.0,0.0,0.0,106.16,0.0,0.0,0.0,0.0,0.0,0.0,0.0,0.0,0.0,106.16,0.0,106.16
Almelo Ten Cate,2169463,0.0,484.77,0.0,484.77,0.0,0.0,0.0,0.0,484.77,0.0,0.0,0.0,0.0,0.0,0.0,0.0,0.0,0.0,484.77,0.118179755348,484.77
Almelo Ten Cate,2169203,0.0,3570.37,0.0,3570.37,0.0,0.0,0.0,0.0,3570.37,0.0,0.0,0.0,0.0,0.0,0.0,0.0,0.0,0.0,3570.37,0.134355070454,3570.39
Almelo Ten Cate,2168458,0.0,921.32,0.0,921.32,0.0,0.0,0.0,0.0,921.32,0.0,0.0,0.0,0.0,0.0,0.0,0.0,0.0,0.0,921.32,0.016378318536,921.34
Almelo Ten Cate,2164415,0.0,695.67,0.0,626.56,0.0,0.0,69.11,0.0,695.67,0.0,0.0,0.0,0.0,0.0,0.0,0.0,0.0,0.0,695.67,0.819124009947,695.67
Almelo Ten Cate,2164439,0.0,271.19,0.0,271.19,0.0,0.0,0.0,0.0,271.19,0.0,0.0,0.0,0.0,0.0,0.0,0.0,0.0,0.0,271.19,0.2087466352,271.19
Almelo Ten Cate,2167663,0.0,4.62,0.0,4.62,0.0,0.0,0.0,0.0,4.62,0.0,0.0,0.0,0.0,0.0,0.0,0.0,0.0,0.0,4.62,1.0,4.64
Almelo Ten Cate,2162673,0.0,9.28,0.0,9.28,0.0,0.0,0.0,0.0,9.28,0.0,0.0,0.0,0.0,0.0,0.0,0.0,0.0,0.0,9.28,0.224137931034,9.28
Almelo Ten Cate,2168776,0.0,680.63,0.0,680.63,0.0,0.0,0.0,0.0,680.63,0.0,0.0,0.0,0.0,0.0,0.0,0.0,0.0,0.0,680.63,0.386953647249,680.65
Almelo Ten Cate,2166272,0.0,4.68,0.0,4.68,0.0,0.0,0.0,0.0,4.68,0.0,0.0,0.0,0.0,0.0,0.0,0.0,0.0,0.0,4.68,0.0,4.68
Almelo Ten Cate,2165648,0.0,336.46,0.0,336.46,0.0,0.0,0.0,0.0,336.46,0.0,0.0,0.0,0.0,0.0,0.0,0.0,0.0,0.0,336.46,0.0,336.47
Almelo Ten Cate,2165925,0.0,638.2,0.0,373.39,0.0,0.0,264.81,0.0,638.2,0.0,0.0,0.0,0.0,0.0,0.0,0.0,0.0,0.0,638.2,1.0,638.2
Almelo Ten Cate,2162965,0.0,88.84,0.0,88.84,0.0,0.0,0.0,0.0,88.84,0.0,0.0,0.0,0.0,0.0,0.0,0.0,0.0,0.0,88.84,1.0,88.84
Almelo Ten Cate,2164481,0.0,24.03,0.0,24.03,0.0,0.0,0.0,0.0,24.03,0.0,0.0,0.0,0.0,0.0,0.0,0.0,0.0,0.0,24.03,0.0,24.03
Almelo Ten Cate,2166764,0.0,396.53,0.0,396.53,0.0,0.0,0.0,0.0,396.53,0.0,0.0,0.0,0.0,0.0,0.0,0.0,0.0,0.0,396.53,0.00534637984516,396.53
Almelo Ten Cate,2166784,0.0,518.67,0.0,518.67,0.0,0.0,0.0,0.0,518.67,0.0,0.0,0.0,0.0,0.0,0.0,0.0,0.0,0.0,518.67,1.0,518.67
Almelo Ten Cate,2168822,0.0,414.37,0.0,414.37,0.0,0.0,0.0,0.0,414.37,0.0,0.0,0.0,0.0,0.0,0.0,0.0,0.0,0.0,414.37,0.0256045175925,414.38
Almelo Ten Cate,2165650,0.0,4.96,0.0,4.96,0.0,0.0,0.0,0.0,4.96,0.0,0.0,0.0,0.0,0.0,0.0,0.0,0.0,0.0,4.96,1.0,4.96
Almelo Ten Cate,2165651,0.0,24.73,0.0,24.73,0.0,0.0,0.0,0.0,24.73,0.0,0.0,0.0,0.0,0.0,0.0,0.0,0.0,0.0,24.73,1.0,24.73
Almelo Ten Cate,2167132,0.0,958.73,0.0,958.73,0.0,0.0,0.0,0.0,958.73,0.0,0.0,0.0,0.0,0.0,0.0,0.0,0.0,0.0,958.73,0.00213824538713,958.73
Almelo Ten Cate,2169369,0.0,245.28,0.0,245.28,0.0,0.0,0.0,0.0,245.28,0.0,0.0,0.0,0.0,0.0,0.0,0.0,0.0,0.0,245.28,0.0,245.28
Almelo Ten Cate,2167835,0.0,6.4,0.0,6.4,0.0,0.0,0.0,0.0,6.4,0.0,0.0,0.0,0.0,0.0,0.0,0.0,0.0,0.0,6.4,1.0,6.41
Almelo Ten Cate,2165868,0.0,136.29,0.0,136.29,0.0,0.0,0.0,0.0,136.29,0.0,0.0,0.0,0.0,0.0,0.0,0.0,0.0,0.0,136.29,0.0,136.29
Almelo Ten Cate,2167982,0.0,1328.35,0.0,1087.12,0.0,0.0,241.23,0.0,1328.35,0.0,0.0,0.0,0.0,0.0,0.0,0.0,0.0,0.0,1328.35,1.0,1328.35
Almelo Ten Cate,2167056,0.0,649.99,0.0,649.99,0.0,0.0,0.0,0.0,649.99,0.0,0.0,0.0,0.0,0.0,0.0,0.0,0.0,0.0,649.99,0.0,650.0
Almelo Ten Cate,2166102,0.0,264.29,0.0,264.29,0.0,0.0,0.0,0.0,264.29,0.0,0.0,0.0,0.0,0.0,0.0,0.0,0.0,0.0,264.29,1.0,264.3
Almelo Ten Cate,7681339,0.0,386.73,34.24,386.73,34.24,0.0,0.0,0.0,386.73,0.0,0.0,34.24,0.0,34.24,0.0,0.0,0.0,0.0,386.73,1.0,420.97
Almelo Ten Cate,5078864,0.0,222.45,0.0,222.45,0.0,0.0,0.0,0.0,222.45,0.0,0.0,0.0,0.0,0.0,0.0,0.0,0.0,0.0,222.45,1.0,222.45
Almelo Ten Cate,2166825,0.0,267.61,0.0,267.61,0.0,0.0,0.0,0.0,267.61,0.0,0.0,0.0,0.0,0.0,0.0,0.0,0.0,0.0,267.61,1.0,267.61
Almelo Ten Cate,2167120,0.0,3.47,0.0,3.47,0.0,0.0,0.0,0.0,3.47,0.0,0.0,0.0,0.0,0.0,0.0,0.0,0.0,0.0,3.47,0.0,3.47
Almelo Ten Cate,2165416,0.0,23.97,0.0,23.97,0.0,0.0,0.0,0.0,23.97,0.0,0.0,0.0,0.0,0.0,0.0,0.0,0.0,0.0,23.97,1.0,23.97
Almelo Ten Cate,7681126,0.0,7.72,0.0,7.72,0.0,0.0,0.0,0.0,7.72,0.0,0.0,0.0,0.0,0.0,0.0,0.0,0.0,0.0,7.72,1.0,7.72
Almelo Ten Cate,8775422,0.0,400.33,0.0,400.33,0.0,0.0,0.0,0.0,400.33,0.0,0.0,0.0,0.0,0.0,0.0,0.0,0.0,0.0,400.33,0.0698406354599,400.34
Enter,2168596,0.0,459.73,0.0,0.0,0.0,0.0,0.0,459.73,459.73,0.0,0.0,0.0,0.0,0.0,0.0,0.0,0.0,0.0,459.73,1.0,459.74
Enter,2168974,0.0,12.89,0.0,0.0,0.0,0.0,12.89,0.0,12.89,0.0,0.0,0.0,0.0,0.0,0.0,0.0,0.0,0.0,12.89,0.0,12.89
Enter,2167802,0.0,1272.74,0.0,689.84,0.0,0.0,13.84,569.06,1272.74,0.0,0.0,0.0,0.0,0.0,0.0,0.0,0.0,0.0,1272.74,0.00232567275584,1272.75
Enter,2169104,0.0,603.53,0.0,0.0,0.0,0.0,603.53,0.0,603.53,0.0,0.0,0.0,0.0,0.0,0.0,0.0,0.0,0.0,603.53,0.0457475187646,603.53
Enter,7879986,0.0,2750.84,0.0,861.34,0.0,0.0,387.59,1501.91,2750.84,0.0,0.0,0.0,0.0,0.0,0.0,0.0,0.0,0.0,2750.84,0.097380809568,2750.85
Enter,7880002,0.0,1626.92,0.0,72.07,0.0,145.25,333.58,1076.02,1626.92,0.0,0.0,0.0,0.0,0.0,0.0,0.0,0.0,0.0,1626.92,1.0,1626.95
Enter,7880007,0.0,396.95,0.0,0.0,0.0,0.0,396.95,0.0,396.95,0.0,0.0,0.0,0.0,0.0,0.0,0.0,0.0,0.0,396.95,1.0,396.96
Enter,7880036,0.0,8.71,0.0,0.0,0.0,0.0,8.71,0.0,8.71,0.0,0.0,0.0,0.0,0.0,0.0,0.0,0.0,0.0,8.71,1.0,8.71
Enter,2164792,0.0,9.55,0.0,0.0,0.0,0.0,2.12,7.43,9.55,0.0,0.0,0.0,0.0,0.0,0.0,0.0,0.0,0.0,9.55,0.0,9.55
Enter,2164793,0.0,10.39,0.0,0.0,0.0,0.0,2.21,8.18,10.39,0.0,0.0,0.0,0.0,0.0,0.0,0.0,0.0,0.0,10.39,0.0,10.4
Enter,2166025,0.0,1367.96,0.0,187.28,0.0,0.0,431.31,749.37,1367.96,0.0,0.0,0.0,0.0,0.0,0.0,0.0,0.0,0.0,1367.96,0.149662996915,1367.94
Tubbergen,8702419,1054.78,662.66,0.0,1263.9,0.0,0.0,399.48,54.06,1717.44,0.0,0.0,0.0,1054.78,0.0,0.0,0.0,0.0,0.0,662.66,0.000279485746227,1717.44
Tubbergen,2167375,2553.86,229.3,0.0,2591.63,0.0,0.0,0.0,191.53,2783.16,0.0,0.0,0.0,2553.86,0.0,0.0,0.0,0.0,0.0,229.3,0.00135817329285,2783.15
Tubbergen,2169121,0.0,734.03,0.0,581.98,0.0,0.0,152.05,0.0,734.03,0.0,0.0,0.0,0.0,0.0,0.0,0.0,0.0,0.0,734.03,1.0,734.03
Tubbergen,2165630,0.0,556.23,0.0,413.88,0.0,0.0,142.35,0.0,556.23,0.0,0.0,0.0,0.0,0.0,0.0,0.0,0.0,0.0,556.23,1.0,556.23
Tubbergen,2164806,839.85,803.36,0.0,869.7,0.0,0.0,360.81,412.7,1643.21,0.0,0.0,0.0,839.85,0.0,0.0,0.0,0.0,0.0,803.36,0.203581991456,1643.22
Tubbergen,2164807,0.0,2883.7,0.0,1513.33,0.0,0.0,984.87,385.5,2883.7,0.0,0.0,0.0,0.0,0.0,0.0,0.0,0.0,0.0,2883.7,0.059443639163,2883.74
Tubbergen,2167720,0.0,23.57,0.0,23.57,0.0,0.0,0.0,0.0,23.57,0.0,0.0,0.0,0.0,0.0,0.0,0.0,0.0,0.0,23.57,0.0,23.57
Tubbergen,2163390,0.0,93.11,0.0,93.11,0.0,0.0,0.0,0.0,93.11,0.0,0.0,0.0,0.0,0.0,0.0,0.0,0.0,0.0,93.11,1.0,93.11
Tubbergen,2164885,1179.84,828.52,0.0,1629.72,0.0,0.0,0.0,378.64,2008.36,0.0,0.0,0.0,1179.84,0.0,0.0,0.0,0.0,0.0,828.52,0.96008225535,2008.38
Tubbergen,2164887,0.0,875.74,0.0,849.4,0.0,0.0,26.34,0.0,875.74,0.0,0.0,0.0,0.0,0.0,0.0,0.0,0.0,0.0,875.74,0.968792107246,875.74
Tubbergen,2164311,314.8,1843.61,0.0,1310.74,0.0,349.29,498.38,0.0,1826.93,331.48,0.0,0.0,314.8,0.0,331.48,0.0,0.0,0.0,1512.13,0.00479054122923,2158.42
Tubbergen,2166433,0.0,27.62,0.0,22.9,0.0,0.0,4.72,0.0,27.62,0.0,0.0,0.0,0.0,0.0,0.0,0.0,0.0,0.0,27.62,1.0,27.62
Tubbergen,2164075,849.73,771.75,0.0,864.76,0.0,0.0,351.09,405.63,1621.48,0.0,0.0,0.0,849.73,0.0,0.0,0.0,0.0,0.0,771.75,1.0,1621.49
Tubbergen,2164713,0.0,24.81,0.0,24.81,0.0,0.0,0.0,0.0,24.81,0.0,0.0,0.0,0.0,0.0,0.0,0.0,0.0,0.0,24.81,0.0,24.83
Tubbergen,2167174,0.0,269.96,0.0,269.96,0.0,0.0,0.0,0.0,269.96,0.0,0.0,0.0,0.0,0.0,0.0,0.0,0.0,0.0,269.96,0.40993443716,269.97
Tubbergen,2167336,0.0,2258.96,0.0,1107.8,0.0,0.0,659.68,491.48,2258.96,0.0,0.0,0.0,0.0,0.0,0.0,0.0,0.0,0.0,2258.96,0.0870850930082,2258.94
Tubbergen,2167022,362.93,737.17,0.0,737.17,0.0,0.0,362.93,0.0,1100.1,0.0,0.0,0.0,362.93,0.0,0.0,0.0,0.0,0.0,737.17,0.0518225615853,1100.1
Tubbergen,2169008,12.51,0.0,0.0,12.51,0.0,0.0,0.0,0.0,12.51,0.0,0.0,0.0,12.51,0.0,0.0,0.0,0.0,0.0,0.0,1.0,12.51
Tubbergen,2166962,632.54,2285.06,0.0,1506.02,0.0,0.0,1240.33,171.25,2917.6,0.0,0.0,0.0,632.54,0.0,0.0,0.0,0.0,0.0,2285.06,1.0,2917.6
Tubbergen,2168392,0.0,351.93,0.0,351.93,0.0,0.0,0.0,0.0,351.93,0.0,0.0,0.0,0.0,0.0,0.0,0.0,0.0,0.0,351.93,0.393930783656,351.94
Tubbergen,2168396,0.0,201.78,0.0,201.78,0.0,0.0,0.0,0.0,201.78,0.0,0.0,0.0,0.0,0.0,0.0,0.0,0.0,0.0,201.78,0.21097234612,201.78
Tubbergen,2167218,0.0,1036.41,0.0,735.25,0.0,0.0,301.16,0.0,1036.41,0.0,0.0,0.0,0.0,0.0,0.0,0.0,0.0,0.0,1036.41,0.00719792360166,1036.41
Tubbergen,2166984,464.35,31.09,0.0,464.35,0.0,0.0,31.09,0.0,495.44,0.0,0.0,0.0,464.35,0.0,0.0,0.0,0.0,0.0,31.09,1.0,495.44
Tubbergen,7658196,998.06,754.58,0.0,155.98,0.0,0.0,1078.84,517.82,1752.64,0.0,0.0,0.0,998.06,0.0,0.0,0.0,0.0,0.0,754.58,0.00912327547842,1752.66
Tubbergen,2166660,318.41,401.51,0.0,719.92,0.0,0.0,0.0,0.0,719.92,0.0,0.0,0.0,318.41,0.0,0.0,0.0,0.0,0.0,401.51,0.00354201102885,719.93
Tubbergen,2166986,770.98,0.0,0.0,770.98,0.0,0.0,0.0,0.0,770.98,0.0,0.0,0.0,770.98,0.0,0.0,0.0,0.0,0.0,0.0,0.00595353904821,770.97
Tubbergen,2165729,0.0,129.33,0.0,129.33,0.0,0.0,0.0,0.0,129.33,0.0,0.0,0.0,0.0,0.0,0.0,0.0,0.0,0.0,129.33,0.0795577547549,129.34
Tubbergen,2166853,393.67,1240.43,0.0,1460.52,0.0,0.0,173.58,0.0,1634.1,0.0,0.0,0.0,393.67,0.0,0.0,0.0,0.0,0.0,1240.43,0.00315158191053,1634.1
Tubbergen,2165738,0.0,342.74,0.0,158.02,0.0,0.0,145.88,38.84,342.74,0.0,0.0,0.0,0.0,0.0,0.0,0.0,0.0,0.0,342.74,0.233946961519,342.77
Tubbergen,7658154,388.86,858.4,0.0,779.71,0.0,0.0,467.55,0.0,1247.26,0.0,0.0,0.0,388.86,0.0,0.0,0.0,0.0,0.0,858.4,0.0,1247.26
Tubbergen,2164741,0.0,19.93,0.0,19.93,0.0,0.0,0.0,0.0,19.93,0.0,0.0,0.0,0.0,0.0,0.0,0.0,0.0,0.0,19.93,1.0,19.93
Tubbergen,2166811,0.0,1097.88,0.0,463.65,0.0,0.0,113.9,520.33,1097.88,0.0,0.0,0.0,0.0,0.0,0.0,0.0,0.0,0.0,1097.88,0.0,1097.88
Tubbergen,2164977,0.0,34.12,0.0,34.12,0.0,0.0,0.0,0.0,34.12,0.0,0.0,0.0,0.0,0.0,0.0,0.0,0.0,0.0,34.12,1.0,34.12
Tubbergen,2165365,157.71,1631.75,0.0,1592.35,0.0,0.0,197.11,0.0,1789.46,0.0,0.0,0.0,157.71,0.0,0.0,0.0,0.0,0.0,1631.75,1.0,1789.47
Tubbergen,2167503,615.42,1576.02,0.0,920.19,0.0,0.0,1100.72,170.53,2191.44,0.0,0.0,0.0,615.42,0.0,0.0,0.0,0.0,0.0,1576.02,0.00141915170321,2191.45
Tubbergen,2165512,0.0,1230.09,0.0,822.87,0.0,0.0,407.22,0.0,1230.09,0.0,0.0,0.0,0.0,0.0,0.0,0.0,0.0,0.0,1230.09,0.0,1230.09
Tubbergen,2165514,97.56,0.0,0.0,97.56,0.0,0.0,0.0,0.0,97.56,0.0,0.0,0.0,97.56,0.0,0.0,0.0,0.0,0.0,0.0,1.0,97.56
Tubbergen,8196612,0.0,265.4,0.0,15.43,0.0,0.0,0.0,249.97,265.4,0.0,0.0,0.0,0.0,0.0,0.0,0.0,0.0,0.0,265.4,1.0,265.39
Tubbergen,7982867,0.0,76.56,0.0,76.56,0.0,0.0,0.0,0.0,76.56,0.0,0.0,0.0,0.0,0.0,0.0,0.0,0.0,0.0,76.56,0.005355276907,76.56
Tubbergen,8196634,0.0,351.06,0.0,68.69,0.0,0.0,0.0,282.37,351.06,0.0,0.0,0.0,0.0,0.0,0.0,0.0,0.0,0.0,351.06,0.0,351.06
Tubbergen,8195059,498.11,952.74,0.0,1226.25,0.0,0.0,224.6,0.0,1450.85,0.0,0.0,0.0,498.11,0.0,0.0,0.0,0.0,0.0,952.74,1.0,1450.85
Tubbergen,8187052,0.0,381.88,0.0,381.88,0.0,0.0,0.0,0.0,381.88,0.0,0.0,0.0,0.0,0.0,0.0,0.0,0.0,0.0,381.88,1.0,381.89
Tubbergen,9149850,258.28,621.55,0.0,777.31,0.0,0.0,102.52,0.0,879.83,0.0,0.0,0.0,258.28,0.0,0.0,0.0,0.0,0.0,621.55,0.0935717045894,879.86
Tubbergen,9046197,746.74,602.12,0.0,1348.86,0.0,0.0,0.0,0.0,1348.86,0.0,0.0,0.0,746.74,0.0,0.0,0.0,0.0,0.0,602.12,0.0016680876302,1348.85
Rossum,7847332,0.0,15.22,0.0,15.22,0.0,0.0,0.0,0.0,15.22,0.0,0.0,0.0,0.0,0.0,0.0,0.0,0.0,0.0,15.22,1.0,15.22
Rossum,2166161,2148.25,297.63,0.0,2037.27,0.0,0.0,408.61,0.0,2445.88,0.0,0.0,0.0,972.19,0.0,0.0,0.0,0.0,1176.06,297.63,0.255770881884,2445.9
Rossum,2168917,727.33,1236.99,91.21,1475.49,91.21,0.0,412.64,76.19,1964.32,0.0,0.0,91.21,707.49,91.21,0.0,0.0,0.0,19.84,1236.99,0.0,2055.55
Rossum,2168810,1502.97,223.8,0.0,1548.79,0.0,0.0,177.98,0.0,1726.77,0.0,0.0,0.0,1502.97,0.0,0.0,0.0,0.0,0.0,223.8,0.0,1726.78
Rossum,2169098,214.56,70.74,0.0,214.56,0.0,0.0,70.74,0.0,285.3,0.0,0.0,0.0,214.56,0.0,0.0,0.0,0.0,0.0,70.74,1.0,285.31
Rossum,2164765,0.0,9.2,0.0,0.0,0.0,0.0,0.0,9.2,9.2,0.0,0.0,0.0,0.0,0.0,0.0,0.0,0.0,0.0,9.2,1.0,9.2
Rossum,2164129,1955.92,1446.33,0.0,2732.04,0.0,0.0,590.17,80.04,3402.25,0.0,0.0,0.0,1955.92,0.0,0.0,0.0,0.0,0.0,1446.33,0.999224042913,3402.25
Rossum,2164026,0.0,63.72,0.0,63.72,0.0,0.0,0.0,0.0,63.72,0.0,0.0,0.0,0.0,0.0,0.0,0.0,0.0,0.0,63.72,0.504785815158,63.73
Rossum,2164436,0.0,1918.01,0.0,1755.49,0.0,0.0,162.52,0.0,1918.01,0.0,0.0,0.0,0.0,0.0,0.0,0.0,0.0,0.0,1918.01,0.00125650410319,1918.02
Rossum,7657305,647.66,2693.17,0.0,3273.23,0.0,0.0,67.6,0.0,3340.83,0.0,0.0,0.0,647.66,0.0,0.0,0.0,0.0,0.0,2693.17,1.0,3340.83
Rossum,2164355,0.0,1368.49,0.0,672.92,0.0,0.0,185.29,510.28,1368.49,0.0,0.0,0.0,0.0,0.0,0.0,0.0,167.16,0.0,1201.33,0.000869565217391,1368.5
Rossum,2163868,0.0,10.56,0.0,10.56,0.0,0.0,0.0,0.0,10.56,0.0,0.0,0.0,0.0,0.0,0.0,0.0,0.0,0.0,10.56,0.0,10.56
Rossum,2164753,0.0,383.87,0.0,327.29,0.0,0.0,56.58,0.0,383.87,0.0,0.0,0.0,0.0,0.0,0.0,0.0,0.0,0.0,383.87,0.0,383.87
Rossum,2164483,20.81,0.0,0.0,20.81,0.0,0.0,0.0,0.0,20.81,0.0,0.0,0.0,20.81,0.0,0.0,0.0,0.0,0.0,0.0,0.118212397886,20.81
Rossum,2164585,0.0,427.17,0.0,369.72,0.0,0.0,57.45,0.0,427.17,0.0,0.0,0.0,0.0,0.0,0.0,0.0,0.0,0.0,427.17,0.901001919566,427.18
Rossum,2164052,1329.86,0.0,0.0,1329.86,0.0,0.0,0.0,0.0,1329.86,0.0,0.0,0.0,845.38,0.0,0.0,0.0,0.0,484.48,0.0,0.0,1329.87
Rossum,2164107,0.0,38.36,0.0,38.36,0.0,0.0,0.0,0.0,38.36,0.0,0.0,0.0,0.0,0.0,0.0,0.0,0.0,0.0,38.36,0.0,38.36
Rossum,2164863,525.65,705.63,0.0,756.41,0.0,0.0,326.31,148.56,1231.28,0.0,0.0,0.0,525.65,0.0,0.0,0.0,0.0,0.0,705.63,0.0222848464668,1231.33
Rossum,2163804,0.0,1749.91,0.0,1254.72,0.0,0.0,91.47,403.72,1749.91,0.0,0.0,0.0,0.0,0.0,0.0,0.0,0.0,0.0,1749.91,1.0,1749.92
Rossum,7847334,0.0,937.09,0.0,820.9,0.0,0.0,0.0,116.19,937.09,0.0,0.0,0.0,0.0,0.0,0.0,0.0,105.47,0.0,831.62,1.0,937.09
Rossum,5041332,270.83,241.8,0.0,270.83,0.0,0.0,241.8,0.0,512.63,0.0,0.0,0.0,270.83,0.0,0.0,0.0,0.0,0.0,241.8,0.0,512.63
Rossum,7657316,2255.99,1421.64,0.0,1850.27,0.0,0.0,1427.22,400.14,3677.63,0.0,0.0,0.0,2255.99,0.0,0.0,0.0,0.0,0.0,1421.64,0.0,3677.64
Rossum,2164117,246.22,2160.25,0.0,2137.24,0.0,0.0,92.23,177.0,2406.47,0.0,0.0,0.0,246.22,0.0,0.0,0.0,0.0,0.0,2160.25,1.0,2406.46
Rossum,5057265,0.0,2718.52,0.0,2242.92,0.0,0.0,220.73,254.87,2718.52,0.0,0.0,0.0,0.0,0.0,0.0,0.0,0.0,0.0,2718.52,1.0,2718.54
Rossum,7660664,0.0,272.45,0.0,167.63,0.0,0.0,104.82,0.0,272.45,0.0,0.0,0.0,0.0,0.0,0.0,0.0,144.32,0.0,128.13,1.0,272.45
Rossum,8856473,843.44,572.44,0.0,1392.79,0.0,0.0,23.09,0.0,1415.88,0.0,0.0,0.0,843.44,0.0,0.0,0.0,0.0,0.0,572.44,0.00499332575271,1415.89
Markelo,2166186,0.0,409.5,0.0,0.0,0.0,0.0,0.0,409.5,409.5,0.0,0.0,0.0,0.0,0.0,0.0,0.0,0.0,0.0,409.5,0.0471062271062,409.5
Markelo,2168229,0.0,16.42,0.0,0.0,0.0,0.0,0.0,16.42,16.42,0.0,0.0,0.0,0.0,0.0,0.0,0.0,0.0,0.0,16.42,0.0,16.42
Markelo,2168232,0.0,1086.25,0.0,77.41,0.0,0.0,157.11,851.73,1086.25,0.0,0.0,0.0,0.0,0.0,0.0,0.0,0.0,0.0,1086.25,1.0,1086.26
Markelo,2168824,0.0,976.82,0.0,371.0,0.0,0.0,0.0,605.82,976.82,0.0,0.0,0.0,0.0,0.0,0.0,0.0,0.0,0.0,976.82,1.0,976.82
Markelo,2167415,0.0,1434.54,0.0,171.68,0.0,0.0,0.0,1262.86,1434.54,0.0,0.0,0.0,0.0,0.0,0.0,0.0,0.0,0.0,1434.54,0.000724971070866,1434.54
Markelo,2168790,0.0,216.87,0.0,168.01,0.0,0.0,48.86,0.0,216.87,0.0,0.0,0.0,0.0,0.0,0.0,0.0,0.0,0.0,216.87,1.0,216.87
Markelo,2164018,0.0,402.66,0.0,0.0,0.0,0.0,0.0,402.66,402.66,0.0,0.0,0.0,0.0,0.0,0.0,0.0,0.0,0.0,402.66,0.443326876273,402.66
Markelo,2166380,0.0,201.27,0.0,0.0,0.0,0.0,0.0,201.27,201.27,0.0,0.0,0.0,0.0,0.0,0.0,0.0,0.0,0.0,201.27,0.0670243950912,201.27
Markelo,2167410,7.19,0.0,0.0,0.0,0.0,0.0,0.0,7.19,7.19,0.0,0.0,0.0,7.19,0.0,0.0,0.0,0.0,0.0,0.0,0.927677329624,7.19
Markelo,2167154,0.0,27.45,0.0,27.45,0.0,0.0,0.0,0.0,27.45,0.0,0.0,0.0,0.0,0.0,0.0,0.0,0.0,0.0,27.45,0.0,27.45
Markelo,2165290,0.0,8.12,0.0,0.0,0.0,0.0,0.0,8.12,8.12,0.0,0.0,0.0,0.0,0.0,0.0,0.0,0.0,0.0,8.12,1.0,8.12
Markelo,2166766,0.0,759.03,0.0,0.0,0.0,0.0,0.0,759.03,759.03,0.0,0.0,0.0,0.0,0.0,0.0,0.0,0.0,0.0,759.03,0.0,759.03
Markelo,2164017,0.0,1317.78,0.0,298.1,0.0,0.0,3.12,1016.56,1317.78,0.0,0.0,0.0,0.0,0.0,0.0,0.0,0.0,0.0,1317.78,1.0,1317.78
Markelo,7660446,0.0,1979.66,33.75,482.05,33.75,0.0,474.28,1023.33,1979.66,0.0,0.0,33.75,0.0,33.75,0.0,0.0,0.0,0.0,1979.66,1.0,2013.42
Markelo,2166845,0.0,449.77,0.0,36.37,0.0,0.0,0.0,413.4,449.77,0.0,0.0,0.0,0.0,0.0,0.0,0.0,0.0,0.0,449.77,0.0767691589408,449.79
Markelo,2166262,0.0,175.28,0.0,0.0,0.0,0.0,0.0,175.28,175.28,0.0,0.0,0.0,0.0,0.0,0.0,0.0,0.0,0.0,175.28,1.0,175.28
Markelo,2166069,0.0,1261.91,0.0,75.15,0.0,0.0,173.31,1013.45,1261.91,0.0,0.0,0.0,0.0,0.0,0.0,0.0,0.0,0.0,1261.91,0.00772626056913,1261.93
Markelo,2166225,0.0,2904.1,0.0,67.4,0.0,0.0,115.25,2721.45,2904.1,0.0,0.0,0.0,0.0,0.0,0.0,0.0,0.0,0.0,2904.1,1.0,2904.09
Markelo,8617040,232.41,189.83,0.0,163.58,0.0,0.0,0.0,258.66,422.24,0.0,0.0,0.0,232.41,0.0,0.0,0.0,0.0,0.0,189.83,0.0242279272452,422.24
Markelo,8122334,2499.3,1312.17,0.0,3380.83,0.0,0.0,268.25,162.39,3811.47,0.0,0.0,0.0,1141.47,0.0,0.0,0.0,0.0,1357.83,1312.17,0.996717793182,3811.46
De Krim,2168485,202.3,1650.09,0.0,1795.05,0.0,0.0,0.0,57.34,1852.39,0.0,0.0,0.0,202.3,0.0,0.0,0.0,0.0,0.0,1650.09,0.00228353640432,1852.39
De Krim,2163383,0.0,117.61,0.0,0.0,0.0,0.0,117.61,0.0,117.61,0.0,0.0,0.0,0.0,0.0,0.0,0.0,0.0,0.0,117.61,0.0,117.61
De Krim,2162879,0.0,5.71,0.0,0.0,0.0,0.0,5.71,0.0,5.71,0.0,0.0,0.0,0.0,0.0,0.0,0.0,0.0,0.0,5.71,1.0,5.71
De Krim,8888861,0.0,92.74,0.0,92.74,0.0,0.0,0.0,0.0,92.74,0.0,0.0,0.0,0.0,0.0,0.0,0.0,0.0,0.0,92.74,0.0,92.74
De Krim,8658133,0.0,603.93,0.0,603.93,0.0,0.0,0.0,0.0,603.93,0.0,0.0,0.0,0.0,0.0,0.0,0.0,0.0,0.0,603.93,0.00453694964648,603.93
De Krim,2162967,0.0,2088.4,0.0,700.54,0.0,0.0,798.31,589.55,2088.4,0.0,0.0,0.0,0.0,0.0,0.0,0.0,0.0,0.0,2088.4,0.0192203638174,2088.41
De Krim,2162966,0.0,1013.68,38.33,0.0,38.33,128.54,474.58,410.56,1013.68,0.0,0.0,38.33,0.0,38.33,0.0,0.0,244.57,0.0,769.11,0.00846950124048,1052.01
De Krim,2162878,0.0,3435.61,0.0,778.72,0.0,0.0,2656.89,0.0,3435.61,0.0,0.0,0.0,0.0,0.0,0.0,0.0,0.0,0.0,3435.61,1.0,3435.62
De Krim,2163546,0.0,1481.11,38.16,0.0,38.16,126.48,897.21,457.42,1481.11,0.0,0.0,38.16,0.0,38.16,0.0,0.0,292.3,0.0,1188.81,1.0,1519.27
De Krim,2163051,0.0,31.58,0.0,0.0,0.0,0.0,0.0,31.58,31.58,0.0,0.0,0.0,0.0,0.0,0.0,0.0,31.58,0.0,0.0,0.489550348322,31.58
De Krim,2162975,450.53,1398.92,0.0,450.53,0.0,657.98,663.98,76.96,1849.45,0.0,0.0,0.0,450.53,0.0,0.0,0.0,0.0,0.0,1398.92,0.0120521665784,1849.46
De Krim,2163313,0.0,643.33,0.0,643.33,0.0,0.0,0.0,0.0,643.33,0.0,0.0,0.0,0.0,0.0,0.0,0.0,0.0,0.0,643.33,0.000854926709465,643.33
De Krim,2167199,109.65,1369.15,0.0,1013.69,0.0,0.0,253.66,211.45,1478.8,0.0,0.0,0.0,109.65,0.0,0.0,0.0,0.0,0.0,1369.15,0.00635650527455,1478.8
De Krim,7658346,0.0,127.5,0.0,0.0,0.0,0.0,127.5,0.0,127.5,0.0,0.0,0.0,0.0,0.0,0.0,0.0,0.0,0.0,127.5,1.0,127.5
Oldenzaal,7732381,0.0,1458.12,0.0,0.0,0.0,0.0,0.0,1458.12,1458.12,0.0,0.0,0.0,0.0,0.0,0.0,0.0,0.0,0.0,1458.12,0.509649279219,1458.14
Oldenzaal,2168059,0.0,1177.62,0.0,450.29,0.0,0.0,0.0,727.33,1177.62,0.0,0.0,0.0,0.0,0.0,0.0,0.0,0.0,0.0,1177.62,0.0592890745741,1177.62
Oldenzaal,2168053,1849.29,0.0,0.0,492.94,0.0,0.0,20.45,1335.9,1849.29,0.0,0.0,0.0,1540.02,0.0,0.0,0.0,0.0,309.27,0.0,0.0835559400854,1849.3
Oldenzaal,2168477,0.0,985.68,0.0,383.98,0.0,0.0,54.58,547.12,985.68,0.0,0.0,0.0,0.0,0.0,0.0,0.0,0.0,0.0,985.68,1.0,985.69
Oldenzaal,2169043,0.0,692.63,0.0,0.0,0.0,0.0,0.0,692.63,692.63,0.0,0.0,0.0,0.0,0.0,0.0,0.0,0.0,0.0,692.63,1.0,692.64
Oldenzaal,2169279,577.61,0.0,0.0,0.0,0.0,0.0,0.0,577.61,577.61,0.0,0.0,0.0,577.61,0.0,0.0,0.0,0.0,0.0,0.0,0.136112601929,577.61
Oldenzaal,2162669,0.0,614.76,0.0,0.0,0.0,0.0,0.0,614.76,614.76,0.0,0.0,0.0,0.0,0.0,0.0,0.0,0.0,0.0,614.76,0.0,614.76
Oldenzaal,2167935,0.0,303.14,0.0,165.14,0.0,0.0,138.0,0.0,303.14,0.0,0.0,0.0,0.0,0.0,0.0,0.0,0.0,0.0,303.14,1.0,303.14
Oldenzaal,2162742,430.53,0.0,0.0,0.0,0.0,0.0,0.0,430.53,430.53,0.0,0.0,0.0,430.53,0.0,0.0,0.0,0.0,0.0,0.0,1.0,430.53
Oldenzaal,2163647,0.0,1475.18,0.0,0.0,0.0,0.0,0.0,1475.18,1475.18,0.0,0.0,0.0,0.0,0.0,0.0,0.0,0.0,0.0,1475.18,0.00385713026797,1475.19
Oldenzaal,7697037,450.1,0.0,0.0,0.0,0.0,0.0,0.0,450.1,450.1,0.0,0.0,0.0,450.1,0.0,0.0,0.0,0.0,0.0,0.0,0.384536769607,450.1
Oldenzaal,7706670,0.0,18.64,0.0,0.0,0.0,0.0,0.0,18.64,18.64,0.0,0.0,0.0,0.0,0.0,0.0,0.0,0.0,0.0,18.64,1.0,18.64
Oldenzaal,7706685,0.0,5.47,0.0,0.0,0.0,0.0,0.0,5.47,5.47,0.0,0.0,0.0,0.0,0.0,0.0,0.0,0.0,0.0,5.47,1.0,5.5
Oldenzaal,7697039,448.32,0.0,0.0,0.0,0.0,0.0,0.0,448.32,448.32,0.0,0.0,0.0,448.32,0.0,0.0,0.0,0.0,0.0,0.0,0.384078336902,448.32
Oldenzaal,7661675,0.0,69.74,0.0,0.0,0.0,0.0,0.0,69.74,69.74,0.0,0.0,0.0,0.0,0.0,0.0,0.0,0.0,0.0,69.74,1.0,69.74
Oldenzaal,2163004,0.0,1576.66,0.0,0.0,0.0,0.0,0.0,1576.66,1576.66,0.0,0.0,0.0,0.0,0.0,0.0,0.0,0.0,0.0,1576.66,0.0105602313737,1576.67
Oldenzaal,2163175,0.0,1547.95,0.0,315.71,0.0,207.86,0.0,1024.38,1547.95,0.0,0.0,0.0,0.0,0.0,0.0,0.0,0.0,0.0,1547.95,1.0,1547.96
Oldenzaal,2163655,0.0,1085.99,0.0,552.63,0.0,0.0,395.14,138.22,1085.99,0.0,0.0,0.0,0.0,0.0,0.0,0.0,0.0,0.0,1085.99,1.0,1086.0
Oldenzaal,2163492,0.0,1074.23,0.0,0.0,0.0,0.0,0.0,1074.23,1074.23,0.0,0.0,0.0,0.0,0.0,0.0,0.0,0.0,0.0,1074.23,0.012241212392,1074.24
Oldenzaal,2163959,0.0,528.91,0.0,0.0,0.0,0.0,0.0,528.91,528.91,0.0,0.0,0.0,0.0,0.0,0.0,0.0,0.0,0.0,528.91,1.0,528.91
Oldenzaal,7661662,0.0,370.29,0.0,0.0,0.0,0.0,0.0,370.29,370.29,0.0,0.0,0.0,0.0,0.0,0.0,0.0,0.0,0.0,370.29,0.067001539334,370.29
Oldenzaal,2167761,0.0,1167.31,0.0,856.02,0.0,0.0,284.77,26.52,1167.31,0.0,0.0,0.0,0.0,0.0,0.0,0.0,0.0,0.0,1167.31,1.0,1167.31
Oldenzaal,2167784,0.0,860.09,0.0,860.09,0.0,0.0,0.0,0.0,860.09,0.0,0.0,0.0,0.0,0.0,0.0,0.0,0.0,0.0,860.09,1.0,860.1
Oldenzaal,2167786,0.0,431.88,0.0,104.53,0.0,0.0,0.0,327.35,431.88,0.0,0.0,0.0,0.0,0.0,0.0,0.0,0.0,0.0,431.88,1.0,431.88
Oldenzaal,2168589,463.68,0.0,0.0,0.0,0.0,0.0,0.0,463.68,463.68,0.0,0.0,0.0,463.68,0.0,0.0,0.0,0.0,0.0,0.0,0.667852752798,463.71
Oldenzaal,5079883,341.9,0.0,0.0,0.0,0.0,0.0,0.0,341.9,341.9,0.0,0.0,0.0,341.9,0.0,0.0,0.0,0.0,0.0,0.0,1.0,341.91
Oldenzaal,2163089,782.96,682.75,0.0,173.71,0.0,0.0,0.0,1292.0,1465.71,0.0,0.0,0.0,782.96,0.0,0.0,0.0,0.0,0.0,682.75,1.0,1465.7
Oldenzaal,8201322,0.0,0.97,0.0,0.0,0.0,0.0,0.0,0.97,0.97,0.0,0.0,0.0,0.0,0.0,0.0,0.0,0.0,0.0,0.97,1.0,0.97
Oldenzaal,8202693,0.0,623.1,0.0,0.0,0.0,0.0,0.0,623.1,623.1,0.0,0.0,0.0,0.0,0.0,0.0,0.0,0.0,0.0,623.1,0.0635040362055,623.11
Oldenzaal,8187534,892.24,211.45,0.0,0.0,0.0,0.0,0.0,1103.69,1103.69,0.0,0.0,0.0,892.24,0.0,0.0,0.0,0.0,0.0,211.45,0.28942385228,1103.71
Oldenzaal,8202699,0.0,587.99,0.0,0.0,0.0,0.0,0.0,587.99,587.99,0.0,0.0,0.0,0.0,0.0,0.0,0.0,0.0,0.0,587.99,0.710476190476,588.0
Oldenzaal,8201392,0.0,468.01,0.0,0.0,0.0,0.0,0.0,468.01,468.01,0.0,0.0,0.0,0.0,0.0,0.0,0.0,0.0,0.0,468.01,0.609995299346,468.02
Oldenzaal,8201309,1061.52,119.64,0.0,0.0,0.0,0.0,0.0,1181.16,1181.16,0.0,0.0,0.0,1061.52,0.0,0.0,0.0,0.0,0.0,119.64,0.184362697371,1181.15
Oldenzaal,8201311,0.0,413.88,0.0,0.0,0.0,0.0,0.0,413.88,413.88,0.0,0.0,0.0,0.0,0.0,0.0,0.0,0.0,0.0,413.88,0.063930029718,413.89
Oldenzaal,8564440,1485.5,0.0,0.0,0.0,0.0,0.0,288.02,1197.48,1485.5,0.0,0.0,0.0,1485.5,0.0,0.0,0.0,0.0,0.0,0.0,0.250772451583,1485.53
Oldenzaal,8564398,410.41,0.0,0.0,0.0,0.0,0.0,0.0,410.41,410.41,0.0,0.0,0.0,410.41,0.0,0.0,0.0,0.0,0.0,0.0,0.508832630784,410.41
Oldenzaal,8946040,643.18,203.92,0.0,0.0,0.0,0.0,0.0,847.1,847.1,0.0,0.0,0.0,643.18,0.0,0.0,0.0,0.0,0.0,203.92,0.130877197124,847.13
Oldenzaal,7934288,0.0,36.98,0.0,0.0,0.0,0.0,0.0,36.98,36.98,0.0,0.0,0.0,0.0,0.0,0.0,0.0,0.0,0.0,36.98,1.0,36.99
Oldenzaal,8592325,475.58,0.0,0.0,0.0,0.0,0.0,0.0,475.58,475.58,0.0,0.0,0.0,475.58,0.0,0.0,0.0,0.0,0.0,0.0,0.29646138643,475.61
Oldenzaal,8059738,0.0,383.49,0.0,0.0,0.0,0.0,0.0,383.49,383.49,0.0,0.0,0.0,0.0,0.0,0.0,0.0,0.0,0.0,383.49,1.0,383.51
Oldenzaal,8059665,0.0,533.17,0.0,0.0,0.0,0.0,0.0,533.17,533.17,0.0,0.0,0.0,0.0,0.0,0.0,0.0,0.0,0.0,533.17,1.0,533.18
Oldenzaal,8059734,0.0,235.81,0.0,0.0,0.0,0.0,0.0,235.81,235.81,0.0,0.0,0.0,0.0,0.0,0.0,0.0,0.0,0.0,235.81,1.0,235.81
Oldenzaal,8036444,317.64,229.17,0.0,0.0,0.0,0.0,0.0,546.81,546.81,0.0,0.0,0.0,317.64,0.0,0.0,0.0,0.0,0.0,229.17,1.0,546.82
Oldenzaal,8059769,0.0,869.02,0.0,530.94,0.0,0.0,0.0,338.08,869.02,0.0,0.0,0.0,0.0,0.0,0.0,0.0,0.0,0.0,869.02,1.0,869.02
Oldenzaal,8062005,0.0,601.47,0.0,0.0,0.0,0.0,0.0,601.47,601.47,0.0,0.0,0.0,0.0,0.0,0.0,0.0,0.0,0.0,601.47,0.261205692625,601.48
Oldenzaal,8506955,578.44,324.46,0.0,0.0,0.0,0.0,0.0,902.9,902.9,0.0,0.0,0.0,578.44,0.0,0.0,0.0,0.0,0.0,324.46,0.0140216416175,902.89
Hardenberg,2168664,0.0,287.11,0.0,71.43,0.0,0.0,215.68,0.0,287.11,0.0,0.0,0.0,0.0,0.0,0.0,0.0,0.0,0.0,287.11,1.0,287.11
Hardenberg,2168640,0.0,553.23,0.0,402.37,0.0,0.0,150.86,0.0,553.23,0.0,0.0,0.0,0.0,0.0,0.0,0.0,0.0,0.0,553.23,1.0,553.23
Hardenberg,2169142,0.0,732.8,0.0,732.8,0.0,0.0,0.0,0.0,732.8,0.0,0.0,0.0,0.0,0.0,0.0,0.0,0.0,0.0,732.8,1.0,732.81
Hardenberg,2169181,0.0,1159.23,0.0,0.0,0.0,522.14,637.09,0.0,637.09,0.0,522.14,0.0,0.0,0.0,0.0,522.14,0.0,0.0,637.09,1.0,1159.23
Hardenberg,2169141,0.0,775.99,0.0,384.13,0.0,86.34,0.0,305.52,775.99,0.0,0.0,0.0,0.0,0.0,0.0,0.0,86.34,0.0,689.65,1.0,775.99
Hardenberg,2168434,0.0,73.64,0.0,9.6,0.0,0.0,64.04,0.0,73.64,0.0,0.0,0.0,0.0,0.0,0.0,0.0,0.0,0.0,73.64,1.0,73.64
Hardenberg,2169120,0.0,88.02,0.0,0.0,0.0,88.02,0.0,0.0,88.02,0.0,0.0,0.0,0.0,0.0,0.0,0.0,88.02,0.0,0.0,0.232788002727,88.02
Hardenberg,2162872,0.0,227.98,0.0,227.98,0.0,0.0,0.0,0.0,227.98,0.0,0.0,0.0,0.0,0.0,0.0,0.0,0.0,0.0,227.98,1.0,227.99
Hardenberg,2162875,0.0,22.49,0.0,22.49,0.0,0.0,0.0,0.0,22.49,0.0,0.0,0.0,0.0,0.0,0.0,0.0,0.0,0.0,22.49,1.0,22.49
Hardenberg,2162945,0.0,982.92,0.0,672.24,0.0,0.0,310.68,0.0,982.92,0.0,0.0,0.0,0.0,0.0,0.0,0.0,0.0,0.0,982.92,1.0,982.94
Hardenberg,2162952,0.0,72.19,0.0,72.19,0.0,0.0,0.0,0.0,72.19,0.0,0.0,0.0,0.0,0.0,0.0,0.0,0.0,0.0,72.19,1.0,72.19
Hardenberg,2162422,0.0,1033.93,0.0,0.0,0.0,50.86,983.07,0.0,983.07,0.0,50.86,0.0,0.0,0.0,0.0,50.86,0.0,0.0,983.07,1.0,1033.94
Hardenberg,2162434,0.0,198.88,0.0,0.0,0.0,0.0,198.88,0.0,198.88,0.0,0.0,0.0,0.0,0.0,0.0,0.0,0.0,0.0,198.88,1.0,198.88
Hardenberg,2163038,0.0,0.49,0.0,0.0,0.0,0.49,0.0,0.0,0.49,0.0,0.0,0.0,0.0,0.0,0.0,0.0,0.49,0.0,0.0,0.0,0.49
Hardenberg,2163217,0.0,243.68,0.0,46.92,0.0,0.0,196.76,0.0,243.68,0.0,0.0,0.0,0.0,0.0,0.0,0.0,0.0,0.0,243.68,1.0,243.67
Hardenberg,2163424,0.0,37.66,0.0,0.0,0.0,0.0,37.66,0.0,37.66,0.0,0.0,0.0,0.0,0.0,0.0,0.0,0.0,0.0,37.66,1.0,37.67
Hardenberg,8046235,0.0,35.63,0.0,35.63,0.0,0.0,0.0,0.0,35.63,0.0,0.0,0.0,0.0,0.0,0.0,0.0,0.0,0.0,35.63,1.0,35.63
Hardenberg,2162959,0.0,437.96,0.0,73.49,0.0,0.0,364.47,0.0,437.96,0.0,0.0,0.0,0.0,0.0,0.0,0.0,0.0,0.0,437.96,1.0,437.98
Hardenberg,2163209,0.0,1032.47,0.0,895.37,0.0,0.0,137.1,0.0,1032.47,0.0,0.0,0.0,0.0,0.0,0.0,0.0,0.0,0.0,1032.47,1.0,1032.47
Hardenberg,2163043,0.0,20.6,0.0,0.0,0.0,20.6,0.0,0.0,20.6,0.0,0.0,0.0,0.0,0.0,0.0,0.0,20.6,0.0,0.0,1.0,20.6
Hardenberg,2163041,0.0,14.99,0.0,0.0,0.0,14.99,0.0,0.0,14.99,0.0,0.0,0.0,0.0,0.0,0.0,0.0,14.99,0.0,0.0,1.0,14.99
Hardenberg,2163042,0.0,1.76,0.0,0.0,0.0,1.76,0.0,0.0,1.76,0.0,0.0,0.0,0.0,0.0,0.0,0.0,1.76,0.0,0.0,1.0,1.76
Hardenberg,2163046,0.0,10.97,0.0,10.97,0.0,0.0,0.0,0.0,10.97,0.0,0.0,0.0,0.0,0.0,0.0,0.0,0.0,0.0,10.97,1.0,10.97
Hardenberg,2163047,0.0,42.12,0.0,4.2,0.0,37.92,0.0,0.0,42.12,0.0,0.0,0.0,0.0,0.0,0.0,0.0,37.92,0.0,4.2,1.0,42.11
Hardenberg,2163585,0.0,386.19,0.0,386.19,0.0,0.0,0.0,0.0,386.19,0.0,0.0,0.0,0.0,0.0,0.0,0.0,0.0,0.0,386.19,1.0,386.19
Hardenberg,5806360,0.0,33.33,0.0,33.33,0.0,0.0,0.0,0.0,33.33,0.0,0.0,0.0,0.0,0.0,0.0,0.0,0.0,0.0,33.33,1.0,33.33
Hardenberg,2168638,0.0,6.44,0.0,0.0,0.0,0.0,6.44,0.0,6.44,0.0,0.0,0.0,0.0,0.0,0.0,0.0,0.0,0.0,6.44,1.0,6.44
Hardenberg,5806314,0.0,431.4,0.0,264.21,0.0,0.0,167.19,0.0,431.4,0.0,0.0,0.0,0.0,0.0,0.0,0.0,0.0,0.0,431.4,1.0,431.4
Hardenberg,7658234,0.0,1868.35,34.66,102.9,34.66,192.82,1088.66,483.97,1868.35,0.0,0.0,34.66,0.0,34.66,0.0,0.0,1140.0,0.0,728.35,1.0,1903.02
Hardenberg,2168290,0.0,177.77,0.0,0.0,0.0,0.0,177.77,0.0,177.77,0.0,0.0,0.0,0.0,0.0,0.0,0.0,0.0,0.0,177.77,1.0,177.77
Hardenberg,2168291,0.0,141.69,0.0,0.0,0.0,0.0,141.69,0.0,141.69,0.0,0.0,0.0,0.0,0.0,0.0,0.0,0.0,0.0,141.69,1.0,141.69
Hardenberg,2166686,0.0,643.91,0.0,0.0,0.0,643.91,0.0,0.0,643.91,0.0,0.0,0.0,0.0,0.0,0.0,0.0,643.91,0.0,0.0,1.0,643.91
Hardenberg,2166643,0.0,5.09,0.0,0.0,0.0,0.0,5.09,0.0,5.09,0.0,0.0,0.0,0.0,0.0,0.0,0.0,0.0,0.0,5.09,1.0,5.09
Hardenberg,8642601,0.0,548.38,0.0,157.24,0.0,0.0,391.14,0.0,548.38,0.0,0.0,0.0,0.0,0.0,0.0,0.0,0.0,0.0,548.38,1.0,548.39
Almelo De Pook,8181739,0.0,1084.47,0.0,549.09,0.0,0.0,535.38,0.0,1084.47,0.0,0.0,0.0,0.0,0.0,0.0,0.0,0.0,0.0,1084.47,0.998819699946,1084.47
Almelo De Pook,2167050,0.0,341.31,739.12,110.22,739.12,0.0,231.09,0.0,341.31,0.0,0.0,739.12,0.0,739.12,0.0,0.0,0.0,0.0,341.31,0.106049387287,1080.44
Almelo De Pook,2165447,0.0,126.27,0.0,126.27,0.0,0.0,0.0,0.0,126.27,0.0,0.0,0.0,0.0,0.0,0.0,0.0,0.0,0.0,126.27,0.0,126.27
Almelo De Pook,2165449,0.0,1390.32,1902.21,1142.23,1902.21,0.0,87.59,160.5,1390.32,0.0,0.0,1902.21,0.0,1902.21,0.0,0.0,0.0,0.0,1390.32,0.185770342834,3292.56
Almelo De Pook,2165076,0.0,318.1,0.0,318.1,0.0,0.0,0.0,0.0,318.1,0.0,0.0,0.0,0.0,0.0,0.0,0.0,0.0,0.0,318.1,1.0,318.1
Almelo De Pook,2167294,0.0,93.78,0.0,0.0,0.0,0.0,93.78,0.0,93.78,0.0,0.0,0.0,0.0,0.0,0.0,0.0,0.0,0.0,93.78,1.0,93.78
Almelo De Pook,2168362,0.0,2169.27,0.0,1849.19,0.0,0.0,320.08,0.0,2169.27,0.0,0.0,0.0,0.0,0.0,0.0,0.0,0.0,0.0,2169.27,1.0,2169.27
Almelo De Pook,2168584,0.0,345.76,1741.35,46.87,1741.35,0.0,298.89,0.0,345.76,0.0,0.0,1741.35,0.0,1741.35,0.0,0.0,0.0,0.0,345.76,0.184503931273,2087.11
Almelo De Pook,8000136,0.0,256.0,0.0,256.0,0.0,0.0,0.0,0.0,256.0,0.0,0.0,0.0,0.0,0.0,0.0,0.0,0.0,0.0,256.0,0.0697265625,256.0
Almelo De Pook,2169325,0.0,292.8,0.0,124.87,0.0,0.0,167.93,0.0,292.8,0.0,0.0,0.0,0.0,0.0,0.0,0.0,0.0,0.0,292.8,1.0,292.8
Almelo De Pook,2169477,0.0,275.91,0.0,14.81,0.0,0.0,261.1,0.0,275.91,0.0,0.0,0.0,0.0,0.0,0.0,0.0,0.0,0.0,275.91,1.0,275.91
Almelo De Pook,2166639,0.0,24.48,0.0,24.48,0.0,0.0,0.0,0.0,24.48,0.0,0.0,0.0,0.0,0.0,0.0,0.0,0.0,0.0,24.48,1.0,24.48
Almelo De Pook,2169193,0.0,960.95,0.0,596.27,0.0,0.0,132.78,231.9,960.95,0.0,0.0,0.0,0.0,0.0,0.0,0.0,0.0,0.0,960.95,0.520141107423,960.97
Almelo De Pook,7660245,0.0,831.58,0.0,641.55,0.0,0.0,0.0,190.03,831.58,0.0,0.0,0.0,0.0,0.0,0.0,0.0,0.0,0.0,831.58,1.0,831.58
Almelo De Pook,2168180,0.0,236.67,0.0,193.45,0.0,0.0,43.22,0.0,236.67,0.0,0.0,0.0,0.0,0.0,0.0,0.0,0.0,0.0,236.67,1.0,236.67
Almelo De Pook,2165546,0.0,572.82,0.0,572.82,0.0,0.0,0.0,0.0,572.82,0.0,0.0,0.0,0.0,0.0,0.0,0.0,0.0,0.0,572.82,0.00352635162265,572.83
Almelo De Pook,2164896,1116.25,700.97,267.32,1567.67,267.32,0.0,249.55,0.0,1817.22,0.0,0.0,267.32,1116.25,267.32,0.0,0.0,0.0,0.0,700.97,0.661234612912,2084.54
Almelo De Pook,2164889,0.0,10.74,0.0,10.74,0.0,0.0,0.0,0.0,10.74,0.0,0.0,0.0,0.0,0.0,0.0,0.0,0.0,0.0,10.74,0.0,10.74
Almelo De Pook,2163230,0.0,411.75,257.13,411.75,257.13,0.0,0.0,0.0,411.75,0.0,0.0,257.13,0.0,257.13,0.0,0.0,0.0,0.0,411.75,0.0,668.89
Almelo De Pook,2163906,0.0,46.19,0.0,46.19,0.0,0.0,0.0,0.0,46.19,0.0,0.0,0.0,0.0,0.0,0.0,0.0,0.0,0.0,46.19,0.0,46.19
Almelo De Pook,2165752,0.0,0.52,0.0,0.52,0.0,0.0,0.0,0.0,0.52,0.0,0.0,0.0,0.0,0.0,0.0,0.0,0.0,0.0,0.52,1.0,0.52
Almelo De Pook,2165827,0.0,401.75,0.0,341.75,0.0,0.0,60.0,0.0,401.75,0.0,0.0,0.0,0.0,0.0,0.0,0.0,0.0,0.0,401.75,1.0,401.75
Almelo De Pook,2165856,0.0,785.17,0.0,785.17,0.0,0.0,0.0,0.0,785.17,0.0,0.0,0.0,0.0,0.0,0.0,0.0,0.0,0.0,785.17,0.3313167849,785.17
Almelo De Pook,5088454,0.0,106.92,0.0,106.92,0.0,0.0,0.0,0.0,106.92,0.0,0.0,0.0,0.0,0.0,0.0,0.0,0.0,0.0,106.92,1.0,106.92
Almelo De Pook,2164333,0.0,334.29,0.0,334.29,0.0,0.0,0.0,0.0,334.29,0.0,0.0,0.0,0.0,0.0,0.0,0.0,0.0,0.0,334.29,0.00822639025995,334.29
Almelo De Pook,2166439,0.0,1106.04,0.0,909.53,0.0,0.0,196.51,0.0,1106.04,0.0,0.0,0.0,0.0,0.0,0.0,0.0,0.0,0.0,1106.04,0.0170334339909,1106.06
Almelo De Pook,2164598,0.0,25.8,0.0,25.8,0.0,0.0,0.0,0.0,25.8,0.0,0.0,0.0,0.0,0.0,0.0,0.0,0.0,0.0,25.8,1.0,25.81
Almelo De Pook,2164090,0.0,1294.87,0.0,465.28,0.0,0.0,793.41,36.18,1294.87,0.0,0.0,0.0,0.0,0.0,0.0,0.0,0.0,0.0,1294.87,1.0,1294.87
Almelo De Pook,2166775,0.0,91.72,0.0,91.72,0.0,0.0,0.0,0.0,91.72,0.0,0.0,0.0,0.0,0.0,0.0,0.0,0.0,0.0,91.72,0.728987245176,91.73
Almelo De Pook,5088416,0.0,190.98,0.0,190.98,0.0,0.0,0.0,0.0,190.98,0.0,0.0,0.0,0.0,0.0,0.0,0.0,0.0,0.0,190.98,0.03890459734,190.98
Almelo De Pook,2163832,0.0,9.3,0.0,0.0,0.0,0.0,0.0,9.3,9.3,0.0,0.0,0.0,0.0,0.0,0.0,0.0,0.0,0.0,9.3,0.840128755365,9.32
Almelo De Pook,2163840,0.0,6.18,0.0,6.18,0.0,0.0,0.0,0.0,6.18,0.0,0.0,0.0,0.0,0.0,0.0,0.0,0.0,0.0,6.18,1.0,6.18
Almelo De Pook,2163956,0.0,607.43,0.0,607.43,0.0,0.0,0.0,0.0,607.43,0.0,0.0,0.0,0.0,0.0,0.0,0.0,0.0,0.0,607.43,1.0,607.43
Almelo De Pook,2166039,0.0,394.59,0.0,394.59,0.0,0.0,0.0,0.0,394.59,0.0,0.0,0.0,0.0,0.0,0.0,0.0,0.0,0.0,394.59,0.0,394.59
Almelo De Pook,2165846,0.0,633.34,9.9,292.07,9.9,0.0,341.27,0.0,633.34,0.0,0.0,9.9,0.0,9.9,0.0,0.0,0.0,0.0,633.34,0.0,643.26
Almelo De Pook,5008242,0.0,1150.97,0.0,1150.97,0.0,0.0,0.0,0.0,1150.97,0.0,0.0,0.0,0.0,0.0,0.0,0.0,0.0,0.0,1150.97,0.33390675772,1150.98
Almelo De Pook,2167723,0.0,379.85,0.0,365.6,0.0,0.0,14.25,0.0,379.85,0.0,0.0,0.0,0.0,0.0,0.0,0.0,0.0,0.0,379.85,0.0310114252619,379.86
Almelo De Pook,2167262,0.0,1375.58,0.0,1327.88,0.0,0.0,47.7,0.0,1375.58,0.0,0.0,0.0,0.0,0.0,0.0,0.0,0.0,0.0,1375.58,0.0,1375.58
Almelo De Pook,5014596,0.0,96.12,0.0,96.12,0.0,0.0,0.0,0.0,96.12,0.0,0.0,0.0,0.0,0.0,0.0,0.0,0.0,0.0,96.12,1.0,96.13
Almelo De Pook,2166889,0.0,375.49,0.0,375.49,0.0,0.0,0.0,0.0,375.49,0.0,0.0,0.0,0.0,0.0,0.0,0.0,0.0,0.0,375.49,1.0,375.51
Almelo De Pook,7660790,0.0,827.51,510.76,59.73,510.76,0.0,767.78,0.0,827.51,0.0,0.0,510.76,0.0,510.76,0.0,0.0,0.0,0.0,827.51,0.0303075589563,1338.28
Almelo De Pook,2163756,0.0,156.6,0.0,156.6,0.0,0.0,0.0,0.0,156.6,0.0,0.0,0.0,0.0,0.0,0.0,0.0,0.0,0.0,156.6,0.0983397190294,156.6
Almelo De Pook,2166805,0.0,253.12,0.0,253.12,0.0,0.0,0.0,0.0,253.12,0.0,0.0,0.0,0.0,0.0,0.0,0.0,0.0,0.0,253.12,0.0,253.12
Almelo De Pook,7660261,0.0,278.28,0.0,0.0,0.0,0.0,194.69,83.59,278.28,0.0,0.0,0.0,0.0,0.0,0.0,0.0,0.0,0.0,278.28,1.0,278.28
Almelo De Pook,2166936,0.0,453.94,0.0,453.94,0.0,0.0,0.0,0.0,453.94,0.0,0.0,0.0,0.0,0.0,0.0,0.0,0.0,0.0,453.94,1.0,453.94
Almelo De Pook,2165780,0.0,145.84,12.1,145.84,12.1,0.0,0.0,0.0,145.84,0.0,0.0,12.1,0.0,12.1,0.0,0.0,0.0,0.0,145.84,1.0,157.94
Almelo De Pook,7660272,0.0,230.72,0.0,230.72,0.0,0.0,0.0,0.0,230.72,0.0,0.0,0.0,0.0,0.0,0.0,0.0,0.0,0.0,230.72,0.0,230.72
Almelo De Pook,2166743,0.0,137.29,114.04,0.0,114.04,0.0,137.29,0.0,137.29,0.0,0.0,114.04,0.0,114.04,0.0,0.0,0.0,0.0,137.29,0.976723829229,251.33
Almelo De Pook,2166644,0.0,321.55,0.0,218.18,0.0,0.0,0.0,103.37,321.55,0.0,0.0,0.0,0.0,0.0,0.0,0.0,0.0,0.0,321.55,0.0,321.56
Almelo De Pook,2166645,0.0,215.96,0.0,215.96,0.0,0.0,0.0,0.0,215.96,0.0,0.0,0.0,0.0,0.0,0.0,0.0,0.0,0.0,215.96,0.0,215.97
Almelo De Pook,2165488,0.0,437.02,0.0,437.02,0.0,0.0,0.0,0.0,437.02,0.0,0.0,0.0,0.0,0.0,0.0,0.0,0.0,0.0,437.02,1.0,437.02
Almelo De Pook,8169520,0.0,374.01,0.0,374.01,0.0,0.0,0.0,0.0,374.01,0.0,0.0,0.0,0.0,0.0,0.0,0.0,0.0,0.0,374.01,0.995133819951,374.01
Vroomshoop,8617163,0.0,294.33,0.0,240.25,0.0,0.0,0.0,54.08,294.33,0.0,0.0,0.0,0.0,0.0,0.0,0.0,0.0,0.0,294.33,1.0,294.33
Vroomshoop,2164553,0.0,246.74,0.0,0.0,0.0,0.0,0.0,246.74,246.74,0.0,0.0,0.0,0.0,0.0,0.0,0.0,0.0,0.0,246.74,1.0,246.74
Vroomshoop,2168074,0.0,1361.59,0.0,610.32,0.0,0.0,0.0,751.27,1361.59,0.0,0.0,0.0,0.0,0.0,0.0,0.0,0.0,0.0,1361.59,0.00060223709046,1361.59
Vroomshoop,2169049,0.0,2325.37,0.0,0.0,0.0,0.0,926.54,1398.83,2325.37,0.0,0.0,0.0,0.0,0.0,0.0,0.0,0.0,0.0,2325.37,1.0,2325.37
Vroomshoop,2169052,0.0,2327.96,0.0,0.0,0.0,0.0,938.32,1389.64,2327.96,0.0,0.0,0.0,0.0,0.0,0.0,0.0,0.0,0.0,2327.96,0.993951760132,2327.95
Vroomshoop,2168464,0.0,47.95,0.0,39.86,0.0,0.0,8.09,0.0,47.95,0.0,0.0,0.0,0.0,0.0,0.0,0.0,0.0,0.0,47.95,1.0,47.95
Vroomshoop,2168789,0.0,2597.01,0.0,607.21,0.0,0.0,1989.8,0.0,2597.01,0.0,0.0,0.0,0.0,0.0,0.0,0.0,0.0,0.0,2597.01,1.0,2597.03
Vroomshoop,2169071,0.0,1997.67,0.0,0.0,0.0,0.0,1997.67,0.0,729.31,1268.36,0.0,0.0,0.0,0.0,1268.36,0.0,0.0,0.0,729.31,1.0,1997.68
Vroomshoop,2167794,503.75,2237.3,0.0,503.75,0.0,0.0,48.72,2188.58,2741.05,0.0,0.0,0.0,503.75,0.0,0.0,0.0,0.0,0.0,2237.3,1.0,2741.05
Vroomshoop,2168441,0.0,2050.14,0.0,640.63,0.0,0.0,0.0,1409.51,2050.14,0.0,0.0,0.0,0.0,0.0,0.0,0.0,0.0,0.0,2050.14,0.00509721287327,2050.14
Vroomshoop,2163879,517.16,1669.66,0.0,0.0,0.0,0.0,2186.82,0.0,821.47,1365.35,0.0,0.0,0.0,0.0,1365.35,0.0,0.0,0.0,821.47,0.00997334040598,2186.83
Vroomshoop,2162492,0.0,1301.4,0.0,176.64,0.0,0.0,186.52,938.24,1301.4,0.0,0.0,0.0,0.0,0.0,0.0,0.0,0.0,0.0,1301.4,1.0,1301.39
Vroomshoop,2162494,0.0,27.72,0.0,27.72,0.0,0.0,0.0,0.0,27.72,0.0,0.0,0.0,0.0,0.0,0.0,0.0,0.0,0.0,27.72,1.0,27.72
Vroomshoop,2163901,0.0,359.79,0.0,0.0,0.0,0.0,359.79,0.0,359.79,0.0,0.0,0.0,0.0,0.0,0.0,0.0,0.0,0.0,359.79,0.0227342208388,359.81
Vroomshoop,2162825,0.0,1.03,0.0,0.0,0.0,0.0,1.03,0.0,1.03,0.0,0.0,0.0,0.0,0.0,0.0,0.0,0.0,0.0,1.03,0.0,1.04
Vroomshoop,2163720,0.0,2044.1,0.0,460.24,0.0,0.0,0.0,1583.86,2044.1,0.0,0.0,0.0,0.0,0.0,0.0,0.0,0.0,0.0,2044.1,0.0229734357419,2044.1
Vroomshoop,2164751,0.0,2298.33,0.0,451.0,0.0,0.0,0.0,1847.33,2298.33,0.0,0.0,0.0,0.0,0.0,0.0,0.0,0.0,0.0,2298.33,0.0161942967533,2298.34
Vroomshoop,2164365,0.0,41.04,0.0,0.0,0.0,0.0,0.0,41.04,41.04,0.0,0.0,0.0,0.0,0.0,0.0,0.0,0.0,0.0,41.04,1.0,41.04
Vroomshoop,2164480,83.14,2691.39,0.0,1174.25,0.0,0.0,1488.39,111.89,1203.0,1571.53,0.0,0.0,0.0,0.0,1571.53,0.0,0.0,0.0,1203.0,0.00543157014547,2774.52
Vroomshoop,2164099,0.0,35.9,0.0,0.0,0.0,0.0,35.9,0.0,0.0,35.9,0.0,0.0,0.0,0.0,35.9,0.0,0.0,0.0,0.0,0.0,35.9
Vroomshoop,2163282,0.0,1709.55,0.0,692.8,0.0,0.0,0.0,1016.75,1709.55,0.0,0.0,0.0,0.0,0.0,0.0,0.0,0.0,0.0,1709.55,1.0,1709.57
Vroomshoop,2164175,0.0,819.29,0.0,505.58,0.0,0.0,276.29,37.42,819.29,0.0,0.0,0.0,0.0,0.0,0.0,0.0,0.0,0.0,819.29,0.00895897667493,819.29
Vroomshoop,2163564,0.0,510.89,0.0,0.0,0.0,0.0,510.89,0.0,510.89,0.0,0.0,0.0,0.0,0.0,0.0,0.0,0.0,0.0,510.89,0.0600716396876,510.89
Vroomshoop,2164449,0.0,1274.49,0.0,0.0,0.0,0.0,0.0,1274.49,1274.49,0.0,0.0,0.0,0.0,0.0,0.0,0.0,0.0,0.0,1274.49,0.117873675951,1274.5
Vroomshoop,2164844,0.0,85.72,0.0,64.63,0.0,0.0,0.0,21.09,85.72,0.0,0.0,0.0,0.0,0.0,0.0,0.0,0.0,0.0,85.72,0.0410399906727,85.77
Vroomshoop,2164645,0.0,322.03,0.0,159.9,0.0,0.0,101.72,60.41,322.03,0.0,0.0,0.0,0.0,0.0,0.0,0.0,0.0,0.0,322.03,0.00161475638916,322.03
Vroomshoop,2164657,0.0,741.65,0.0,378.69,0.0,0.0,285.92,77.04,741.65,0.0,0.0,0.0,0.0,0.0,0.0,0.0,0.0,0.0,741.65,1.0,741.64
Vroomshoop,2164181,0.0,40.54,0.0,0.0,0.0,0.0,0.0,40.54,40.54,0.0,0.0,0.0,0.0,0.0,0.0,0.0,0.0,0.0,40.54,1.0,40.54
Vroomshoop,2168305,0.0,16.39,0.0,0.0,0.0,0.0,16.39,0.0,16.39,0.0,0.0,0.0,0.0,0.0,0.0,0.0,0.0,0.0,16.39,1.0,16.4
Vroomshoop,2164284,0.0,4.46,0.0,0.0,0.0,0.0,0.0,4.46,4.46,0.0,0.0,0.0,0.0,0.0,0.0,0.0,0.0,0.0,4.46,0.0,4.46
Vroomshoop,7658488,0.0,1830.85,0.0,1025.26,0.0,0.0,317.78,487.81,1830.85,0.0,0.0,0.0,0.0,0.0,0.0,0.0,0.0,0.0,1830.85,1.0,1830.84
Vroomshoop,7658633,0.0,748.73,0.0,332.51,0.0,0.0,416.22,0.0,748.73,0.0,0.0,0.0,0.0,0.0,0.0,0.0,0.0,0.0,748.73,1.0,748.74
Vroomshoop,2165015,0.0,445.4,0.0,0.0,0.0,0.0,0.0,445.4,445.4,0.0,0.0,0.0,0.0,0.0,0.0,0.0,0.0,0.0,445.4,0.0398069151325,445.4
Vroomshoop,2165000,525.9,1812.03,0.0,1274.39,0.0,0.0,143.22,920.32,2337.93,0.0,0.0,0.0,525.9,0.0,0.0,0.0,0.0,0.0,1812.03,0.00327211134589,2337.94
Vroomshoop,8232092,0.0,1802.18,0.0,1509.26,0.0,0.0,292.92,0.0,1802.18,0.0,0.0,0.0,0.0,0.0,0.0,0.0,0.0,0.0,1802.18,1.0,1802.18
Vroomshoop,8231910,0.0,643.8,0.0,175.93,0.0,0.0,0.0,467.87,643.8,0.0,0.0,0.0,0.0,0.0,0.0,0.0,0.0,0.0,643.8,0.0175986331159,643.8
Vroomshoop,8050716,0.0,1910.6,0.0,1355.82,0.0,0.0,0.0,554.78,1910.6,0.0,0.0,0.0,0.0,0.0,0.0,0.0,0.0,0.0,1910.6,0.00377889783891,1910.61
Vroomshoop,8044389,0.0,172.02,0.0,11.56,0.0,0.0,0.0,160.46,172.02,0.0,0.0,0.0,0.0,0.0,0.0,0.0,0.0,0.0,172.02,0.0398790838275,172.02
Vroomshoop,8048045,0.0,30.46,0.0,13.89,0.0,0.0,0.0,16.57,30.46,0.0,0.0,0.0,0.0,0.0,0.0,0.0,0.0,0.0,30.46,1.0,30.46
Vroomshoop,8048048,0.0,1044.2,0.0,92.6,0.0,0.0,0.0,951.6,1044.2,0.0,0.0,0.0,0.0,0.0,0.0,0.0,0.0,0.0,1044.2,0.0033039014767,1044.22
Vroomshoop,2164465,0.0,1991.6,0.0,629.05,0.0,0.0,0.0,1362.55,1991.6,0.0,0.0,0.0,0.0,0.0,0.0,0.0,0.0,0.0,1991.6,1.0,1991.6
Vroomshoop,8474240,0.0,423.79,0.0,322.52,0.0,0.0,23.19,78.08,423.79,0.0,0.0,0.0,0.0,0.0,0.0,0.0,0.0,0.0,423.79,1.0,423.79
Goor,2168769,0.0,25.06,0.0,25.06,0.0,0.0,0.0,0.0,25.06,0.0,0.0,0.0,0.0,0.0,0.0,0.0,0.0,0.0,25.06,0.223463687151,25.06
Goor,2169432,0.0,678.7,0.0,678.7,0.0,0.0,0.0,0.0,678.7,0.0,0.0,0.0,0.0,0.0,0.0,0.0,0.0,0.0,678.7,0.00468542802416,678.7
Goor,2163844,0.0,21.42,0.0,21.42,0.0,0.0,0.0,0.0,21.42,0.0,0.0,0.0,0.0,0.0,0.0,0.0,0.0,0.0,21.42,0.374241717219,21.43
Goor,2168959,0.0,16.99,0.0,16.99,0.0,0.0,0.0,0.0,16.99,0.0,0.0,0.0,0.0,0.0,0.0,0.0,0.0,0.0,16.99,0.319599764567,16.99
Goor,2168960,0.0,61.33,0.0,61.33,0.0,0.0,0.0,0.0,61.33,0.0,0.0,0.0,0.0,0.0,0.0,0.0,0.0,0.0,61.33,0.9837000815,61.35
Goor,8849295,0.0,678.43,0.0,678.43,0.0,0.0,0.0,0.0,678.43,0.0,0.0,0.0,0.0,0.0,0.0,0.0,0.0,0.0,678.43,0.998982945919,678.43
Goor,8849317,0.0,954.55,0.0,954.55,0.0,0.0,0.0,0.0,954.55,0.0,0.0,0.0,0.0,0.0,0.0,0.0,0.0,0.0,954.55,0.218563721125,954.55
Denekamp,2167774,44.6,0.0,0.0,44.6,0.0,0.0,0.0,0.0,44.6,0.0,0.0,0.0,44.6,0.0,0.0,0.0,0.0,0.0,0.0,1.0,44.6
Denekamp,2168060,0.0,205.36,0.0,107.66,0.0,0.0,97.7,0.0,205.36,0.0,0.0,0.0,0.0,0.0,0.0,0.0,0.0,0.0,205.36,1.0,205.35
Denekamp,2168167,0.0,414.72,0.0,333.53,0.0,0.0,81.19,0.0,414.72,0.0,0.0,0.0,0.0,0.0,0.0,0.0,0.0,0.0,414.72,1.0,414.72
Denekamp,2165523,0.0,1794.61,340.78,366.1,340.78,0.0,744.29,684.22,1794.61,0.0,0.0,340.78,0.0,340.78,0.0,0.0,0.0,0.0,1794.61,1.0,2135.39
Denekamp,2168838,0.0,0.55,0.0,0.55,0.0,0.0,0.0,0.0,0.55,0.0,0.0,0.0,0.0,0.0,0.0,0.0,0.0,0.0,0.55,0.0,0.55
Denekamp,2164312,0.0,1496.64,0.0,592.27,0.0,0.0,397.31,507.06,1496.64,0.0,0.0,0.0,0.0,0.0,0.0,0.0,85.26,0.0,1411.38,1.0,1496.63
Denekamp,2164344,0.0,1153.19,37.31,120.39,37.31,0.0,309.61,723.19,1153.19,0.0,0.0,37.31,0.0,37.31,0.0,0.0,309.61,0.0,843.58,0.0070223185411,1190.49
Denekamp,2162991,0.0,0.0,0.0,0.0,0.0,0.0,0.0,0.0,0.0,0.0,0.0,0.0,0.0,0.0,0.0,0.0,0.0,0.0,0.0,0.5,1.06
Denekamp,2163553,479.88,10978.42,95.17,5184.08,95.17,0.0,2590.89,3683.33,11458.3,0.0,0.0,95.17,479.88,95.17,0.0,0.0,1385.79,0.0,9592.63,0.00101134328152,11578.66
Denekamp,2165082,0.0,1821.58,0.0,882.98,0.0,0.0,324.3,614.3,1821.58,0.0,0.0,0.0,0.0,0.0,0.0,0.0,299.06,0.0,1522.52,0.156913229175,1821.58
Denekamp,2164653,0.0,574.43,0.0,373.34,0.0,0.0,201.09,0.0,574.43,0.0,0.0,0.0,0.0,0.0,0.0,0.0,0.0,0.0,574.43,1.0,574.43
Denekamp,2163646,223.71,4431.23,0.0,3775.71,0.0,0.0,879.23,0.0,4654.94,0.0,0.0,0.0,223.71,0.0,0.0,0.0,0.0,0.0,4431.23,0.000921597607713,4654.96
Denekamp,2164915,0.0,403.14,0.0,403.14,0.0,0.0,0.0,0.0,403.14,0.0,0.0,0.0,0.0,0.0,0.0,0.0,0.0,0.0,403.14,1.0,403.14
Denekamp,2167996,0.0,744.99,0.0,307.62,0.0,0.0,0.0,437.37,744.99,0.0,0.0,0.0,0.0,0.0,0.0,0.0,0.0,0.0,744.99,1.0,745.0
Denekamp,2167718,0.0,2244.61,885.95,275.57,885.95,0.0,1518.21,450.83,2244.61,0.0,0.0,885.95,0.0,885.95,0.0,0.0,896.08,0.0,1348.53,0.0293204454127,3130.58
Denekamp,2167301,588.02,246.17,0.0,588.02,0.0,0.0,246.17,0.0,834.19,0.0,0.0,0.0,588.02,0.0,0.0,0.0,0.0,0.0,246.17,1.0,834.18
Denekamp,2167642,0.0,1195.7,0.0,1195.7,0.0,0.0,0.0,0.0,1195.7,0.0,0.0,0.0,0.0,0.0,0.0,0.0,0.0,0.0,1195.7,0.219552582061,1195.75
Denekamp,2163268,0.0,20.21,0.0,0.0,0.0,0.0,0.0,20.21,20.21,0.0,0.0,0.0,0.0,0.0,0.0,0.0,0.0,0.0,20.21,0.0,20.21
Denekamp,8231371,373.91,1728.85,359.16,426.83,359.16,0.0,1234.39,441.54,2102.76,0.0,0.0,359.16,373.91,359.16,0.0,0.0,332.62,0.0,1396.23,1.0,2461.94
Denekamp,8231359,0.0,1066.4,0.0,32.59,0.0,0.0,599.29,434.52,1066.4,0.0,0.0,0.0,0.0,0.0,0.0,0.0,734.58,0.0,331.82,1.0,1066.41
Denekamp,8050788,0.0,99.95,0.0,0.0,0.0,0.0,0.0,99.95,99.95,0.0,0.0,0.0,0.0,0.0,0.0,0.0,0.0,0.0,99.95,0.0,99.95
Denekamp,8650777,291.87,0.0,0.0,291.87,0.0,0.0,0.0,0.0,291.87,0.0,0.0,0.0,291.87,0.0,0.0,0.0,0.0,0.0,0.0,0.0367629424059,291.87
Denekamp,8453082,1012.23,0.0,0.0,1012.23,0.0,0.0,0.0,0.0,1012.23,0.0,0.0,0.0,1012.23,0.0,0.0,0.0,0.0,0.0,0.0,0.05263573856,1012.24
Denekamp,8452945,491.16,5.44,0.0,491.16,0.0,0.0,0.0,5.44,496.6,0.0,0.0,0.0,491.16,0.0,0.0,0.0,0.0,0.0,5.44,1.0,496.6
Denekamp,2168786,751.6,2139.25,0.0,2009.7,0.0,0.0,628.92,252.23,2890.85,0.0,0.0,0.0,751.6,0.0,0.0,0.0,352.49,0.0,1786.76,1.0,2890.87
Hengelvelde,-2169489,0.0,2625.62,0.0,1989.11,0.0,0.0,636.51,0.0,2625.62,0.0,0.0,0.0,0.0,0.0,0.0,0.0,0.0,0.0,2625.62,0.402152634425,2625.62
Hengelvelde,2169388,0.0,658.75,0.0,622.28,0.0,0.0,0.0,36.47,658.75,0.0,0.0,0.0,0.0,0.0,0.0,0.0,0.0,0.0,658.75,1.0,658.75
Hengelvelde,2165912,0.0,1243.08,0.0,244.88,0.0,11.79,885.5,100.91,1243.08,0.0,0.0,0.0,0.0,0.0,0.0,0.0,0.0,0.0,1243.08,0.00336266954129,1243.06
Hengelvelde,2169406,0.0,1882.6,0.0,1504.63,0.0,261.87,0.0,116.1,1882.6,0.0,0.0,0.0,0.0,0.0,0.0,0.0,0.0,0.0,1882.6,1.0,1882.6
Hengelvelde,2169207,0.0,315.39,0.0,210.86,0.0,0.0,104.53,0.0,315.39,0.0,0.0,0.0,0.0,0.0,0.0,0.0,0.0,0.0,315.39,1.0,315.39
Hengelvelde,7663623,0.0,129.9,44.37,52.73,44.37,77.17,0.0,0.0,52.73,77.17,0.0,44.37,0.0,44.37,77.17,0.0,0.0,0.0,52.73,1.0,174.28
Hengelvelde,2169490,0.0,13.12,0.0,13.12,0.0,0.0,0.0,0.0,13.12,0.0,0.0,0.0,0.0,0.0,0.0,0.0,0.0,0.0,13.12,0.0,13.12
Hengelvelde,2169408,0.0,1744.17,0.0,1575.31,0.0,0.0,168.86,0.0,1744.17,0.0,0.0,0.0,0.0,0.0,0.0,0.0,0.0,0.0,1744.17,1.0,1744.17
Hengelvelde,2165229,0.0,7.28,0.0,7.28,0.0,0.0,0.0,0.0,7.28,0.0,0.0,0.0,0.0,0.0,0.0,0.0,0.0,0.0,7.28,0.0,7.28
Hengelvelde,2165232,0.0,803.92,0.0,742.03,0.0,0.0,45.52,16.37,803.92,0.0,0.0,0.0,0.0,0.0,0.0,0.0,0.0,0.0,803.92,0.0,803.92
Hengelvelde,8444723,0.0,1401.37,0.0,532.97,0.0,36.95,831.45,0.0,1401.37,0.0,0.0,0.0,0.0,0.0,0.0,0.0,0.0,0.0,1401.37,0.0,1401.36
Hengelvelde,2166324,0.0,2435.57,0.0,1542.34,0.0,0.0,893.23,0.0,2435.57,0.0,0.0,0.0,0.0,0.0,0.0,0.0,0.0,0.0,2435.57,0.0321526377809,2435.57
Hengelvelde,2165961,0.0,12.08,0.0,0.0,0.0,0.0,0.0,12.08,12.08,0.0,0.0,0.0,0.0,0.0,0.0,0.0,0.0,0.0,12.08,0.0,12.08
Hengelvelde,2165303,0.0,13.12,0.0,13.12,0.0,0.0,0.0,0.0,13.12,0.0,0.0,0.0,0.0,0.0,0.0,0.0,0.0,0.0,13.12,1.0,13.12
Hengelvelde,2167092,0.0,4.17,0.0,4.17,0.0,0.0,0.0,0.0,4.17,0.0,0.0,0.0,0.0,0.0,0.0,0.0,0.0,0.0,4.17,0.0,4.17
Hengelvelde,7660436,0.0,1056.87,0.0,421.66,0.0,4.56,165.31,465.34,1052.31,4.56,0.0,0.0,0.0,0.0,4.56,0.0,0.0,0.0,1052.31,0.00723835476454,1056.87
Hengelvelde,2165678,0.0,1922.86,0.0,1871.64,0.0,0.0,51.22,0.0,1922.86,0.0,0.0,0.0,0.0,0.0,0.0,0.0,0.0,0.0,1922.86,0.0274069489877,1922.87
Hengelvelde,2168092,0.0,287.69,0.0,24.18,0.0,0.0,0.0,263.51,287.69,0.0,0.0,0.0,0.0,0.0,0.0,0.0,0.0,0.0,287.69,1.0,287.68
Hengelvelde,2168093,0.0,125.6,45.08,0.0,45.08,0.0,0.0,125.6,125.6,0.0,0.0,45.08,0.0,45.08,0.0,0.0,0.0,0.0,125.6,1.0,170.69
Hengelvelde,2167962,0.0,205.86,0.0,0.0,0.0,0.0,205.86,0.0,205.86,0.0,0.0,0.0,0.0,0.0,0.0,0.0,0.0,0.0,205.86,1.0,205.86
Hengelvelde,7663695,0.0,1811.31,0.0,1310.21,0.0,64.59,181.59,254.92,1746.72,64.59,0.0,0.0,0.0,0.0,64.59,0.0,0.0,0.0,1746.72,1.0,1811.32
Hengelvelde,2166010,0.0,1709.45,0.0,915.62,0.0,0.0,793.83,0.0,1709.45,0.0,0.0,0.0,0.0,0.0,0.0,0.0,0.0,0.0,1709.45,0.00995039427194,1709.48
Delden,2169397,768.32,1616.79,0.0,1656.78,0.0,0.0,77.44,650.89,2385.11,0.0,0.0,0.0,768.32,0.0,0.0,0.0,0.0,0.0,1616.79,0.00818833591883,2385.1
Delden,2166581,0.0,10.85,0.0,10.85,0.0,0.0,0.0,0.0,10.85,0.0,0.0,0.0,0.0,0.0,0.0,0.0,0.0,0.0,10.85,0.0,10.86
Delden,2165769,0.0,1176.93,0.0,75.23,0.0,0.0,1101.7,0.0,1176.93,0.0,0.0,0.0,0.0,0.0,0.0,0.0,0.0,0.0,1176.93,0.00285483665406,1176.95
Delden,2167460,0.0,489.64,0.0,464.25,0.0,0.0,0.0,25.39,489.64,0.0,0.0,0.0,0.0,0.0,0.0,0.0,0.0,0.0,489.64,1.0,489.64
Delden,2168127,96.63,684.56,0.0,660.25,0.0,0.0,120.94,0.0,781.19,0.0,0.0,0.0,96.63,0.0,0.0,0.0,0.0,0.0,684.56,0.0022273710621,781.19
Delden,2168187,0.0,6.33,0.0,6.33,0.0,0.0,0.0,0.0,6.33,0.0,0.0,0.0,0.0,0.0,0.0,0.0,0.0,0.0,6.33,1.0,6.33
Delden,2168505,0.0,36.88,0.0,36.88,0.0,0.0,0.0,0.0,36.88,0.0,0.0,0.0,0.0,0.0,0.0,0.0,0.0,0.0,36.88,0.0,36.88
Delden,2169126,0.0,9.79,0.0,9.79,0.0,0.0,0.0,0.0,9.79,0.0,0.0,0.0,0.0,0.0,0.0,0.0,0.0,0.0,9.79,1.0,9.79
Delden,2163765,0.0,766.42,0.0,297.84,0.0,0.0,468.58,0.0,766.42,0.0,0.0,0.0,0.0,0.0,0.0,0.0,0.0,0.0,766.42,0.00130475059692,766.43
Delden,2167429,0.0,2731.83,46.46,1695.04,46.46,0.0,633.03,403.76,2731.83,0.0,0.0,46.46,0.0,46.46,0.0,0.0,0.0,0.0,2731.83,0.074225779979,2778.28
Delden,2165493,0.0,802.97,0.0,0.0,0.0,0.0,0.0,802.97,802.97,0.0,0.0,0.0,0.0,0.0,0.0,0.0,0.0,0.0,802.97,0.00958939935489,802.97
Delden,2166028,302.79,644.48,0.0,700.7,0.0,0.0,127.03,119.54,947.27,0.0,0.0,0.0,302.79,0.0,0.0,0.0,0.0,0.0,644.48,0.00139349281084,947.26
Delden,2167744,0.0,11.01,0.0,11.01,0.0,0.0,0.0,0.0,11.01,0.0,0.0,0.0,0.0,0.0,0.0,0.0,0.0,0.0,11.01,0.0,11.01
Delden,2166237,0.0,155.61,0.0,39.28,0.0,0.0,116.33,0.0,155.61,0.0,0.0,0.0,0.0,0.0,0.0,0.0,0.0,0.0,155.61,1.0,155.61
Delden,2166690,0.0,2250.27,0.0,1184.42,0.0,0.0,0.0,1065.85,2250.27,0.0,0.0,0.0,0.0,0.0,0.0,0.0,0.0,0.0,2250.27,0.0215307496434,2250.27
Slagharen,2162822,51.09,1267.91,0.0,834.27,0.0,0.0,484.73,0.0,1319.0,0.0,0.0,0.0,51.09,0.0,0.0,0.0,0.0,0.0,1267.91,0.202169842076,1318.99
Slagharen,2163706,0.0,272.83,0.0,272.83,0.0,0.0,0.0,0.0,272.83,0.0,0.0,0.0,0.0,0.0,0.0,0.0,0.0,0.0,272.83,0.0072939192904,272.83
Slagharen,2162703,0.0,1334.9,0.0,180.61,0.0,139.22,758.33,256.74,1327.76,7.14,0.0,0.0,0.0,0.0,7.14,0.0,0.0,0.0,1327.76,0.0,1334.9
Slagharen,2163496,0.0,10.94,0.0,10.94,0.0,0.0,0.0,0.0,10.94,0.0,0.0,0.0,0.0,0.0,0.0,0.0,0.0,0.0,10.94,0.0,10.95
Slagharen,2164273,0.0,11.19,0.0,11.19,0.0,0.0,0.0,0.0,11.19,0.0,0.0,0.0,0.0,0.0,0.0,0.0,0.0,0.0,11.19,1.0,11.19
Slagharen,8045872,0.0,15.24,0.0,15.24,0.0,0.0,0.0,0.0,15.24,0.0,0.0,0.0,0.0,0.0,0.0,0.0,0.0,0.0,15.24,0.11868852459,15.25
